Cidade,Ano,Mês,y_true,yhat_xgb,data_ref
Pirenópolis,2024,4,58.2,101.448814,2024-04-01
Palminópolis,2024,4,20.09,42.657585,2024-04-01
Buriti de Goiás,2024,4,78.0,23.677921,2024-04-01
Minaçu,2024,4,209.75,117.18923,2024-04-01
Maurilândia,2024,4,34.48,38.94335,2024-04-01
Petrolina de Goiás,2024,4,266.11,40.112858,2024-04-01
Aurilândia,2024,4,23.0,38.888435,2024-04-01
Abadia de Goiás,2024,4,235.56,80.02791,2024-04-01
Pilar de Goiás,2024,4,5.04,37.267628,2024-04-01
Buritinópolis,2024,4,4.0,23.630466,2024-04-01
Piracanjuba,2024,4,168.64,93.942825,2024-04-01
Piranhas,2024,4,62.58,73.2062,2024-04-01
Terezópolis de Goiás,2024,4,80.0,49.08799,2024-04-01
Teresina de Goiás,2024,4,8.0,20.80634,2024-04-01
Caiapônia,2024,4,78.0,99.8901,2024-04-01
Moiporá,2024,4,31.0,22.575993,2024-04-01
Palmelo,2024,4,5.6,21.543009,2024-04-01
Alto Horizonte,2024,4,14.46,37.542114,2024-04-01
Montividiu,2024,4,12.48,85.22684,2024-04-01
Amaralina,2024,4,36.0,29.267183,2024-04-01
Caçu,2024,4,148.75,65.83066,2024-04-01
Ouro Verde de Goiás,2024,4,22.64,32.64276,2024-04-01
Britânia,2024,4,323.9,80.13033,2024-04-01
Edealina,2024,4,33.6,118.410545,2024-04-01
Ouvidor,2024,4,39.36,331.27942,2024-04-01
Alvorada do Norte,2024,4,22.04,43.948833,2024-04-01
Silvânia,2024,4,282.76,97.27538,2024-04-01
Sítio D'Abadia,2024,4,13.0,42.661274,2024-04-01
Padre Bernardo,2024,4,9.82,119.96768,2024-04-01
Cachoeira Dourada,2024,4,31.92,51.20503,2024-04-01
Anicuns,2024,4,64.2,73.29376,2024-04-01
Palestina de Goiás,2024,4,169.0,31.340248,2024-04-01
Montes Claros de Goiás,2024,4,80.95,52.106853,2024-04-01
Palmeiras de Goiás,2024,4,109.02,137.57986,2024-04-01
Buriti Alegre,2024,4,55.5,55.87838,2024-04-01
Três Ranchos,2024,4,73.61,31.924152,2024-04-01
Aruanã,2024,4,235.08,76.77531,2024-04-01
Edéia,2024,4,55.6,51.0559,2024-04-01
Cachoeira Alta,2024,4,32.0,52.63165,2024-04-01
Avelinópolis,2024,4,35.0,23.856813,2024-04-01
São Patrício,2024,4,3.0,23.049587,2024-04-01
Hidrolândia,2024,4,268.56,110.50815,2024-04-01
Bela Vista de Goiás,2024,4,269.66,172.64055,2024-04-01
Ivolândia,2024,4,25.0,34.203747,2024-04-01
Goianira,2024,4,154.62,125.11129,2024-04-01
Jandaia,2024,4,68.82,39.44568,2024-04-01
Sanclerlândia,2024,4,31.0,41.846436,2024-04-01
São João da Paraúna,2024,4,22.0,41.5726,2024-04-01
Jaraguá,2024,4,268.88,130.58379,2024-04-01
Catalão,2024,4,590.99,479.0689,2024-04-01
Jataí,2024,4,534.94,474.44086,2024-04-01
Rubiataba,2024,4,94.0,60.35208,2024-04-01
Vicentinópolis,2024,4,50.04,43.281246,2024-04-01
Goiânia,2024,4,11144.28,5081.7725,2024-04-01
São João D'Aliança,2024,4,82.38,78.61594,2024-04-01
Jaupaci,2024,4,36.04,23.812382,2024-04-01
Posse,2024,4,77.6,79.60601,2024-04-01
Turvelândia,2024,4,24.43,41.936176,2024-04-01
Joviânia,2024,4,9.0,47.232,2024-04-01
Rio Verde,2024,4,1080.54,950.4763,2024-04-01
Castelândia,2024,4,4.6,23.797329,2024-04-01
Jussara,2024,4,231.1,145.62274,2024-04-01
Goianésia,2024,4,631.72,203.04872,2024-04-01
Castelândia,2024,4,4.6,23.797329,2024-04-01
Santa Bárbara de Goiás,2024,4,34.24,34.492214,2024-04-01
Aragarças,2024,4,200.96,65.35206,2024-04-01
Itumbiara,2024,4,1082.64,659.7905,2024-04-01
Corumbaíba,2024,4,164.02,87.94628,2024-04-01
Itaguaru,2024,4,14.0,28.985573,2024-04-01
Gouvelândia,2024,4,38.0,35.64632,2024-04-01
Itapaci,2024,4,178.84,102.62742,2024-04-01
Cezarina,2024,4,55.9,69.77763,2024-04-01
Itapirapuã,2024,4,79.25,36.15611,2024-04-01
Santa Helena de Goiás,2024,4,239.99,192.62067,2024-04-01
São Francisco de Goiás,2024,4,10.0,37.542114,2024-04-01
Vianópolis,2024,4,60.48,99.66482,2024-04-01
Itapuranga,2024,4,44.8,91.59792,2024-04-01
Santa Fé de Goiás,2024,4,36.98,54.476677,2024-04-01
Ceres,2024,4,155.61,82.83531,2024-04-01
Goiatuba,2024,4,202.06,191.48598,2024-04-01
Itarumã,2024,4,25.34,38.544937,2024-04-01
Cristalina,2024,4,365.0,368.8972,2024-04-01
Itauçu,2024,4,12.1,34.951797,2024-04-01
Santa Cruz de Goiás,2024,4,14.95,33.059895,2024-04-01
Cavalcante,2024,4,4.0,29.659784,2024-04-01
Caturaí,2024,4,15.0,34.279842,2024-04-01
Goiás,2024,4,116.68,97.99293,2024-04-01
Lagoa Santa,2024,4,22.84,16.74952,2024-04-01
São Miguel do Araguaia,2024,4,107.01,97.341286,2024-04-01
Leopoldo de Bulhões,2024,4,33.8,38.94335,2024-04-01
Vila Propício,2024,4,59.0,52.235756,2024-04-01
Aragoiânia,2024,4,70.24,49.648685,2024-04-01
Professor Jamil,2024,4,9.0,34.25928,2024-04-01
Mairipotaba,2024,4,58.0,30.053604,2024-04-01
Abadiânia,2024,4,104.6,81.90937,2024-04-01
Crixás,2024,4,73.73,112.25776,2024-04-01
Águas Lindas de Goiás,2024,4,155.0,168.09119,2024-04-01
Campos Verdes,2024,4,12.0,31.851292,2024-04-01
Carmo do Rio Verde,2024,4,51.0,36.83529,2024-04-01
Aparecida de Goiânia,2024,4,1865.38,1073.2599,2024-04-01
Goianápolis,2024,4,26.24,50.14368,2024-04-01
São Miguel do Passa Quatro,2024,4,6.0,37.86445,2024-04-01
Morrinhos,2024,4,234.76,235.67653,2024-04-01
Quirinópolis,2024,4,471.0,248.23805,2024-04-01
Rio Quente,2024,4,56.52,61.334106,2024-04-01
Campo Limpo de Goiás,2024,4,2.8,51.34246,2024-04-01
Montividiu do Norte,2024,4,15.0,18.33777,2024-04-01
Mara Rosa,2024,4,57.7,177.58044,2024-04-01
Goiandira,2024,4,36.4,33.093655,2024-04-01
Rianápolis,2024,4,41.32,31.017136,2024-04-01
Luziânia,2024,4,270.14,540.38635,2024-04-01
Morro Agudo de Goiás,2024,4,4.64,21.49708,2024-04-01
Marzagão,2024,4,7.2,24.240814,2024-04-01
Campos Belos,2024,4,24.25,48.14704,2024-04-01
Cromínia,2024,4,42.0,30.517284,2024-04-01
Barro Alto,2024,4,15.0,60.14798,2024-04-01
Gameleira de Goiás,2024,4,5.0,39.510975,2024-04-01
Aporé,2024,4,17.44,39.09655,2024-04-01
Moiporá,2024,5,3.92,29.472654,2024-05-01
Taquaral de Goiás,2024,5,28.0,54.9372,2024-05-01
Uirapuru,2024,5,15.7,47.149117,2024-05-01
Matrinchã,2024,5,47.6,57.413204,2024-05-01
Santo Antônio de Goiás,2024,5,73.96,75.145775,2024-05-01
Uruaçu,2024,5,396.62,209.56772,2024-05-01
Cristalina,2024,5,409.58,547.4357,2024-05-01
Fazenda Nova,2024,5,38.0,44.93856,2024-05-01
São Simão,2024,5,295.06,58.209084,2024-05-01
Terezópolis de Goiás,2024,5,8.0,65.059525,2024-05-01
Cromínia,2024,5,41.44,41.597313,2024-05-01
Gouvelândia,2024,5,36.29,49.663254,2024-05-01
Gameleira de Goiás,2024,5,52.6,50.423256,2024-05-01
Hidrolândia,2024,5,340.84,170.11122,2024-05-01
Formoso,2024,5,58.6,61.33662,2024-05-01
Goiatuba,2024,5,269.03,246.37045,2024-05-01
Guapó,2024,5,2241.0,113.41953,2024-05-01
São Francisco de Goiás,2024,5,37.92,50.04532,2024-05-01
Turvânia,2024,5,2.8,41.120285,2024-05-01
Goianápolis,2024,5,58.68,70.10892,2024-05-01
Maurilândia,2024,5,90.09,55.989754,2024-05-01
Mineiros,2024,5,482.32,307.76566,2024-05-01
Trombas,2024,5,40.08,52.66932,2024-05-01
Minaçu,2024,5,229.91,143.18677,2024-05-01
Goiás,2024,5,129.11,164.91899,2024-05-01
Montes Claros de Goiás,2024,5,40.35,75.56202,2024-05-01
Lagoa Santa,2024,5,22.7,13.614767,2024-05-01
Firminópolis,2024,5,83.6,70.16407,2024-05-01
Doverlândia,2024,5,36.48,52.025322,2024-05-01
Estrela do Norte,2024,5,16.28,71.7382,2024-05-01
Guarani de Goiás,2024,5,3.0,79.39422,2024-05-01
Heitoraí,2024,5,6.0,53.707317,2024-05-01
Anápolis,2024,5,1394.7,2573.023,2024-05-01
Goiandira,2024,5,48.88,40.19064,2024-05-01
Turvelândia,2024,5,40.52,72.34552,2024-05-01
Faina,2024,5,13.9,51.13035,2024-05-01
Guarinos,2024,5,11.5,50.466526,2024-05-01
Crixás,2024,5,71.96,160.49556,2024-05-01
Goianésia,2024,5,416.3,234.61966,2024-05-01
Serranópolis,2024,5,101.0,48.13258,2024-05-01
São Miguel do Araguaia,2024,5,231.32,141.25526,2024-05-01
Trindade,2024,5,925.84,599.5848,2024-05-01
Cristianópolis,2024,5,19.6,52.246105,2024-05-01
Goiânia,2024,5,6479.23,7031.9976,2024-05-01
Montividiu,2024,5,55.0,164.9268,2024-05-01
Monte Alegre de Goiás,2024,5,51.0,24.233767,2024-05-01
Formosa,2024,5,350.71,423.19687,2024-05-01
Água Limpa,2024,5,9.9,31.353285,2024-05-01
Aparecida do Rio Doce,2024,5,51.12,73.96172,2024-05-01
São Miguel do Passa Quatro,2024,5,15.0,43.255035,2024-05-01
Flores de Goiás,2024,5,18.65,63.493565,2024-05-01
Anicuns,2024,5,65.3,118.9728,2024-05-01
Guaraíta,2024,5,30.0,45.118977,2024-05-01
Diorama,2024,5,34.48,32.522785,2024-05-01
São João da Paraúna,2024,5,10.0,66.98832,2024-05-01
Silvânia,2024,5,144.66,172.02934,2024-05-01
Senador Canedo,2024,5,728.5,883.66296,2024-05-01
Goianira,2024,5,438.14,148.7106,2024-05-01
Aparecida de Goiânia,2024,5,1831.81,2445.6396,2024-05-01
Edealina,2024,5,76.6,158.95316,2024-05-01
Três Ranchos,2024,5,56.34,39.021137,2024-05-01
Corumbaíba,2024,5,64.36,172.85133,2024-05-01
Santo Antônio do Descoberto,2024,5,147.72,135.05415,2024-05-01
Jandaia,2024,5,98.9,58.478317,2024-05-01
Itaguaru,2024,5,101.8,43.519,2024-05-01
Alto Paraíso de Goiás,2024,5,18.0,75.51223,2024-05-01
Novo Gama,2024,5,127.0,148.69057,2024-05-01
Itapaci,2024,5,82.36,115.90839,2024-05-01
Portelândia,2024,5,15.0,37.0438,2024-05-01
Castelândia,2024,5,22.95,30.56439,2024-05-01
Cezarina,2024,5,72.6,103.43595,2024-05-01
Novo Brasil,2024,5,35.2,44.73018,2024-05-01
Campo Alegre de Goiás,2024,5,14.08,216.3859,2024-05-01
Itapirapuã,2024,5,91.97,55.933746,2024-05-01
Santa Helena de Goiás,2024,5,379.85,256.20493,2024-05-01
Caldas Novas,2024,5,732.0,1107.2107,2024-05-01
Acreúna,2024,5,231.73,138.3733,2024-05-01
Nova Veneza,2024,5,141.83,120.36616,2024-05-01
Mundo Novo,2024,5,62.7,64.786835,2024-05-01
Arenópolis,2024,5,10.6,48.03948,2024-05-01
Bonópolis,2024,5,18.96,61.64107,2024-05-01
Mozarlândia,2024,5,158.52,177.3647,2024-05-01
Vianópolis,2024,5,71.1,146.28479,2024-05-01
Mossâmedes,2024,5,8.0,51.594803,2024-05-01
Santa Isabel,2024,5,8.0,25.231916,2024-05-01
Ouvidor,2024,5,17.6,595.7604,2024-05-01
Itaberaí,2024,5,347.42,366.07385,2024-05-01
Itajá,2024,5,39.5,19.30683,2024-05-01
Britânia,2024,5,49.3,103.65276,2024-05-01
Chapadão do Céu,2024,5,65.1,101.72813,2024-05-01
Joviânia,2024,5,322.5,56.836403,2024-05-01
Morro Agudo de Goiás,2024,5,18.48,24.853834,2024-05-01
Amaralina,2024,5,23.4,46.9665,2024-05-01
Ouro Verde de Goiás,2024,5,17.04,37.99897,2024-05-01
Itaguari,2024,5,10.0,43.03387,2024-05-01
Bela Vista de Goiás,2024,5,329.48,199.46628,2024-05-01
Caiapônia,2024,5,184.0,291.6922,2024-05-01
Varjão,2024,5,10.0,42.287807,2024-05-01
Posse,2024,5,100.44,128.17049,2024-05-01
Alto Horizonte,2024,5,59.37,50.04532,2024-05-01
Orizona,2024,5,407.03,164.74509,2024-05-01
Novo Planalto,2024,5,35.64,72.11824,2024-05-01
Brazabrantes,2024,5,7.5,47.847363,2024-05-01
Alvorada do Norte,2024,5,22.26,62.17759,2024-05-01
Abadiânia,2024,5,120.18,129.46371,2024-05-01
Rubiataba,2024,5,114.56,105.10126,2024-05-01
Campestre de Goiás,2024,5,21.0,44.909428,2024-05-01
Itumbiara,2024,5,1008.66,1043.4476,2024-05-01
Nova América,2024,5,7.49,26.009783,2024-05-01
Mutunópolis,2024,5,49.65,51.44835,2024-05-01
Bom Jardim de Goiás,2024,5,165.4,69.152245,2024-05-01
Americano do Brasil,2024,5,48.83,40.355995,2024-05-01
Nazário,2024,5,75.76,114.73229,2024-05-01
Amorinópolis,2024,5,11.0,33.985954,2024-05-01
Pontalina,2024,5,175.56,152.81415,2024-05-01
Niquelândia,2024,5,374.42,372.22653,2024-05-01
Aragarças,2024,5,116.89,114.936554,2024-05-01
Santa Bárbara de Goiás,2024,5,74.92,44.094563,2024-05-01
Porangatu,2024,5,542.88,213.22379,2024-05-01
Vicentinópolis,2024,5,92.88,66.886955,2024-05-01
Nerópolis,2024,5,83.28,151.11562,2024-05-01
Ivolândia,2024,5,5.6,51.44835,2024-05-01
Campinaçu,2024,5,27.48,36.22084,2024-05-01
Jaraguá,2024,5,326.0,193.32828,2024-05-01
Caldas Novas,2024,5,732.0,1107.2107,2024-05-01
Bonfinópolis,2024,5,87.96,60.96189,2024-05-01
Nova Crixás,2024,5,190.18,164.63203,2024-05-01
Itapuranga,2024,5,97.23,146.3907,2024-05-01
Santa Fé de Goiás,2024,5,271.76,94.043655,2024-05-01
Jataí,2024,5,593.2,347.9838,2024-05-01
Ceres,2024,5,255.52,127.213455,2024-05-01
Aloândia,2024,5,54.0,23.531124,2024-05-01
Nova Iguaçu de Goiás,2024,5,56.84,50.00031,2024-05-01
Araguapaz,2024,5,26.2,53.36874,2024-05-01
Nova Glória,2024,5,90.42,25.895449,2024-05-01
Itarumã,2024,5,110.72,54.77872,2024-05-01
Porteirão,2024,5,249.48,50.091167,2024-05-01
Caldazinha,2024,5,23.45,59.11304,2024-05-01
Catalão,2024,5,814.27,1094.8448,2024-05-01
Campinorte,2024,5,169.24,83.432495,2024-05-01
Itauçu,2024,5,45.0,37.817974,2024-05-01
Santa Cruz de Goiás,2024,5,80.6,73.06529,2024-05-01
Adelândia,2024,5,46.4,38.34611,2024-05-01
Planaltina,2024,5,1742.48,132.70267,2024-05-01
Caturaí,2024,5,16.0,55.904427,2024-05-01
Rio Verde,2024,5,1917.22,2192.3308,2024-05-01
Sanclerlândia,2024,5,86.8,53.758896,2024-05-01
Caçu,2024,5,222.08,56.20417,2024-05-01
Paraúna,2024,5,65.16,165.09283,2024-05-01
Santa Terezinha de Goiás,2024,5,24.3,43.512524,2024-05-01
Barro Alto,2024,5,87.98,72.978485,2024-05-01
Paranaiguara,2024,5,21.8,58.947388,2024-05-01
Mambaí,2024,5,30.48,69.01431,2024-05-01
Panamá,2024,5,3.36,52.27114,2024-05-01
Indiara,2024,5,29.31,151.9426,2024-05-01
Pirenópolis,2024,5,120.0,169.3534,2024-05-01
Cocalzinho de Goiás,2024,5,64.44,146.74756,2024-05-01
Rio Quente,2024,5,90.8,105.69963,2024-05-01
Pires do Rio,2024,5,225.84,565.20654,2024-05-01
Leopoldo de Bulhões,2024,5,40.92,50.85582,2024-05-01
Ipameri,2024,5,71.35,163.96274,2024-05-01
Mara Rosa,2024,5,56.52,196.17433,2024-05-01
Palminópolis,2024,5,11.48,48.188766,2024-05-01
Quirinópolis,2024,5,376.02,242.58295,2024-05-01
Cabeceiras,2024,5,39.0,94.043655,2024-05-01
Inaciolândia,2024,5,57.63,57.199192,2024-05-01
Águas Lindas de Goiás,2024,5,309.19,298.12204,2024-05-01
Uruana,2024,5,56.78,29.311834,2024-05-01
Carmo do Rio Verde,2024,5,81.85,40.56823,2024-05-01
Piranhas,2024,5,114.66,110.617004,2024-05-01
Hidrolina,2024,5,52.0,51.556732,2024-05-01
Piracanjuba,2024,5,164.87,195.47536,2024-05-01
Aragoiânia,2024,5,81.78,65.63102,2024-05-01
Santo Antônio da Barra,2024,5,10.48,34.481735,2024-05-01
Rianápolis,2024,5,22.92,34.81541,2024-05-01
Abadia de Goiás,2024,5,178.42,112.34951,2024-05-01
Córrego do Ouro,2024,5,18.0,28.310396,2024-05-01
Aporé,2024,5,5.0,18.312504,2024-05-01
Aurilândia,2024,5,8.0,44.06583,2024-05-01
Petrolina de Goiás,2024,5,45.48,52.025322,2024-05-01
Luziânia,2024,5,566.68,772.6868,2024-05-01
Campos Verdes,2024,5,19.0,60.03131,2024-05-01
Perolândia,2024,5,8.0,29.461037,2024-05-01
Alexânia,2024,5,420.87,129.55505,2024-05-01
Buriti de Goiás,2024,5,9.0,28.497725,2024-05-01
Cocalzinho de Goiás,2024,5,64.44,146.74756,2024-05-01
Cachoeira Alta,2024,5,118.65,34.028633,2024-05-01
Santa Tereza de Goiás,2024,5,13.0,36.947052,2024-05-01
Palmelo,2024,5,60.0,54.15505,2024-05-01
Iporá,2024,5,564.21,174.26462,2024-05-01
Araçu,2024,5,5.0,42.787357,2024-05-01
Campo Limpo de Goiás,2024,5,106.4,68.6874,2024-05-01
Palmeiras de Goiás,2024,5,179.44,215.85101,2024-05-01
Cachoeira Dourada,2024,5,49.41,57.167686,2024-05-01
Santa Rita do Novo Destino,2024,5,16.6,32.174423,2024-05-01
Campos Belos,2024,5,101.9,79.250465,2024-05-01
Professor Jamil,2024,5,15.5,49.758926,2024-05-01
Buriti Alegre,2024,5,128.19,131.27701,2024-05-01
Marzagão,2024,5,4.56,34.95515,2024-05-01
Ipiranga de Goiás,2024,5,174.5,24.886005,2024-05-01
Aruanã,2024,5,153.06,167.54349,2024-05-01
Corumbá de Goiás,2024,5,40.72,68.049866,2024-05-01
Israelândia,2024,5,15.0,29.337065,2024-05-01
Avelinópolis,2024,5,6.0,45.118977,2024-05-01
Padre Bernardo,2024,5,802.98,191.73186,2024-05-01
Baliza,2024,5,29.2,46.435436,2024-05-01
Jussara,2024,5,99.84,183.2818,2024-05-01
Cidade Ocidental,2024,5,35.78,146.6794,2024-05-01
Castelândia,2024,5,22.95,30.56439,2024-05-01
Urutaí,2024,5,705.0,64.20062,2024-05-01
Morrinhos,2024,5,287.5,318.48895,2024-05-01
Edéia,2024,5,122.04,95.370285,2024-05-01
Palestina de Goiás,2024,5,7.7,45.295803,2024-05-01
Turvânia,2024,6,10.0,29.726006,2024-06-01
Bela Vista de Goiás,2024,6,260.68,167.28625,2024-06-01
Cromínia,2024,6,13.8,31.198233,2024-06-01
Bom Jardim de Goiás,2024,6,11.2,61.06587,2024-06-01
Trombas,2024,6,55.5,26.649088,2024-06-01
Nazário,2024,6,56.18,91.5972,2024-06-01
Mutunópolis,2024,6,45.0,29.36629,2024-06-01
Formosa,2024,6,335.71,369.66617,2024-06-01
Morro Agudo de Goiás,2024,6,19.3,25.397364,2024-06-01
Porangatu,2024,6,344.32,207.78564,2024-06-01
Aragoiânia,2024,6,143.45,59.45987,2024-06-01
Aporé,2024,6,23.04,19.017448,2024-06-01
Campos Verdes,2024,6,6.0,34.447605,2024-06-01
Águas Lindas de Goiás,2024,6,95.94,273.0832,2024-06-01
São Simão,2024,6,219.04,64.53012,2024-06-01
Quirinópolis,2024,6,493.58,250.21797,2024-06-01
Campo Alegre de Goiás,2024,6,3.92,207.53897,2024-06-01
Campos Belos,2024,6,53.9,56.6525,2024-06-01
Damianópolis,2024,6,32.0,20.484795,2024-06-01
Mundo Novo,2024,6,6.75,42.1645,2024-06-01
Portelândia,2024,6,6.0,35.910816,2024-06-01
Marzagão,2024,6,18.4,25.480892,2024-06-01
Formoso,2024,6,58.6,35.3164,2024-06-01
Mara Rosa,2024,6,82.7,190.08414,2024-06-01
Campo Limpo de Goiás,2024,6,135.04,85.476074,2024-06-01
Araguapaz,2024,6,62.92,42.068523,2024-06-01
Professor Jamil,2024,6,8.08,49.27379,2024-06-01
São Miguel do Passa Quatro,2024,6,40.6,41.7559,2024-06-01
Mozarlândia,2024,6,133.64,183.77931,2024-06-01
Mambaí,2024,6,38.4,30.980524,2024-06-01
São Patrício,2024,6,19.0,28.225185,2024-06-01
Porteirão,2024,6,14.0,34.00707,2024-06-01
Goianápolis,2024,6,127.6,33.608356,2024-06-01
Posse,2024,6,57.04,101.5896,2024-06-01
Campinorte,2024,6,42.06,57.84876,2024-06-01
Aparecida de Goiânia,2024,6,1833.07,2314.8135,2024-06-01
Morrinhos,2024,6,289.13,292.61127,2024-06-01
Gameleira de Goiás,2024,6,5.0,25.957819,2024-06-01
Caldas Novas,2024,6,989.44,1005.1135,2024-06-01
Nerópolis,2024,6,183.78,132.287,2024-06-01
Cachoeira Alta,2024,6,3093.98,37.360477,2024-06-01
Três Ranchos,2024,6,21.5,16.929522,2024-06-01
Palmelo,2024,6,21.12,63.098534,2024-06-01
Edéia,2024,6,25.7,102.269165,2024-06-01
Aruanã,2024,6,144.58,137.12518,2024-06-01
Buriti Alegre,2024,6,14.0,100.64591,2024-06-01
Montes Claros de Goiás,2024,6,58.17,48.87431,2024-06-01
Palmeiras de Goiás,2024,6,267.88,218.82362,2024-06-01
Baliza,2024,6,90.7,36.862617,2024-06-01
Palestina de Goiás,2024,6,10.0,28.885803,2024-06-01
Anicuns,2024,6,75.04,52.531654,2024-06-01
Cachoeira Dourada,2024,6,84.8,45.79967,2024-06-01
Avelinópolis,2024,6,5.0,29.032412,2024-06-01
Padre Bernardo,2024,6,5018.0,162.30305,2024-06-01
Caçu,2024,6,178.59,52.6898,2024-06-01
Silvânia,2024,6,56.0,143.11618,2024-06-01
Alvorada do Norte,2024,6,327.25,41.33883,2024-06-01
Palminópolis,2024,6,60.2,35.725616,2024-06-01
Ouvidor,2024,6,15.96,558.56915,2024-06-01
Moiporá,2024,6,3.0,9.156781,2024-06-01
Panamá,2024,6,25.0,64.90256,2024-06-01
Piranhas,2024,6,119.38,83.69217,2024-06-01
Terezópolis de Goiás,2024,6,7.8,59.958626,2024-06-01
Piracanjuba,2024,6,178.5,221.60715,2024-06-01
Abadia de Goiás,2024,6,160.54,84.387115,2024-06-01
Aurilândia,2024,6,35.0,27.183758,2024-06-01
Minaçu,2024,6,149.52,142.58693,2024-06-01
Petrolina de Goiás,2024,6,27.7,43.11269,2024-06-01
Alexânia,2024,6,240.25,126.71016,2024-06-01
Perolândia,2024,6,18.0,20.51366,2024-06-01
Maurilândia,2024,6,56.0,44.49851,2024-06-01
Pirenópolis,2024,6,119.5,155.04335,2024-06-01
Mineiros,2024,6,330.36,304.04434,2024-06-01
Paraúna,2024,6,57.94,164.25067,2024-06-01
Buriti de Goiás,2024,6,20.0,24.780977,2024-06-01
Paranaiguara,2024,6,18.8,23.555067,2024-06-01
Cabeceiras,2024,6,36.68,81.21897,2024-06-01
Pires do Rio,2024,6,154.96,538.57043,2024-06-01
Matrinchã,2024,6,30.76,57.413204,2024-06-01
Britânia,2024,6,8.0,104.35771,2024-06-01
Edealina,2024,6,53.8,104.46786,2024-06-01
Amaralina,2024,6,20.5,24.884436,2024-06-01
Nova Glória,2024,6,20.0,25.458925,2024-06-01
Caldazinha,2024,6,36.0,34.755207,2024-06-01
Firminópolis,2024,6,97.3,46.99136,2024-06-01
Adelândia,2024,6,4.48,31.758764,2024-06-01
Planaltina,2024,6,375.08,106.19171,2024-06-01
Nova Crixás,2024,6,103.0,130.37769,2024-06-01
Bonfinópolis,2024,6,5.24,48.973804,2024-06-01
Campestre de Goiás,2024,6,18.96,28.822863,2024-06-01
Nova América,2024,6,11.0,26.009783,2024-06-01
Senador Canedo,2024,6,904.83,809.8167,2024-06-01
Diorama,2024,6,21.04,23.017853,2024-06-01
Americano do Brasil,2024,6,47.98,29.846762,2024-06-01
Pontalina,2024,6,236.25,133.58855,2024-06-01
Davinópolis,2024,6,9.52,24.430176,2024-06-01
Flores de Goiás,2024,6,70.76,58.477005,2024-06-01
Niquelândia,2024,6,137.89,301.27792,2024-06-01
Campinaçu,2024,6,13.0,24.92062,2024-06-01
Nova Iguaçu de Goiás,2024,6,30.7,24.4166,2024-06-01
Aloândia,2024,6,17.92,54.22422,2024-06-01
Fazenda Nova,2024,6,57.0,35.23743,2024-06-01
Divinópolis de Goiás,2024,6,38.0,37.313667,2024-06-01
Montividiu,2024,6,92.52,145.04356,2024-06-01
Ouro Verde de Goiás,2024,6,122.36,34.28223,2024-06-01
Caiapônia,2024,6,62.62,76.151024,2024-06-01
Alto Horizonte,2024,6,136.17,41.943184,2024-06-01
Orizona,2024,6,309.22,142.40788,2024-06-01
Novo Planalto,2024,6,63.46,44.447315,2024-06-01
Brazabrantes,2024,6,6.6,41.260017,2024-06-01
Doverlândia,2024,6,35.0,43.11269,2024-06-01
Damolândia,2024,6,3.68,27.471401,2024-06-01
Estrela do Norte,2024,6,17.9,37.494564,2024-06-01
Trindade,2024,6,936.75,445.40512,2024-06-01
Faina,2024,6,5.0,51.13035,2024-06-01
Caldas Novas,2024,6,989.44,1005.1135,2024-06-01
Novo Brasil,2024,6,38.25,29.543127,2024-06-01
Acreúna,2024,6,87.79,121.764755,2024-06-01
Nova Veneza,2024,6,22.0,98.19343,2024-06-01
Serranópolis,2024,6,43.68,31.996784,2024-06-01
Arenópolis,2024,6,12.24,43.195175,2024-06-01
Novo Gama,2024,6,138.0,132.287,2024-06-01
Carmo do Rio Verde,2024,6,6.0,45.015305,2024-06-01
Corumbá de Goiás,2024,6,50.9,46.56011,2024-06-01
Vianópolis,2024,6,104.72,125.04595,2024-06-01
Itaberaí,2024,6,221.58,328.3289,2024-06-01
Jandaia,2024,6,83.68,39.94344,2024-06-01
Sanclerlândia,2024,6,30.8,44.84626,2024-06-01
Cidade Ocidental,2024,6,108.7,136.37466,2024-06-01
Santa Rita do Araguaia,2024,6,37.56,78.52836,2024-06-01
São João da Paraúna,2024,6,3.0,64.633575,2024-06-01
Amorinópolis,2024,6,10.0,24.103214,2024-06-01
Israelândia,2024,6,11.0,21.48117,2024-06-01
Araçu,2024,6,30.0,36.48903,2024-06-01
Goianira,2024,6,329.44,110.38949,2024-06-01
Jaraguá,2024,6,282.27,172.15839,2024-06-01
Santa Rita do Novo Destino,2024,6,13.0,31.737904,2024-06-01
Itajá,2024,6,94.0,32.91251,2024-06-01
Iporá,2024,6,431.86,167.64163,2024-06-01
Cristianópolis,2024,6,10.0,51.760967,2024-06-01
Catalão,2024,6,706.52,922.5672,2024-06-01
Jataí,2024,6,1909.15,344.42233,2024-06-01
Rubiataba,2024,6,183.44,82.94538,2024-06-01
Goiânia,2024,6,6506.62,7934.9175,2024-06-01
Cocalzinho de Goiás,2024,6,45.72,124.75448,2024-06-01
Ipiranga de Goiás,2024,6,33.0,27.400002,2024-06-01
Santo Antônio do Descoberto,2024,6,65.1,113.88427,2024-06-01
Uruaçu,2024,6,605.34,195.45901,2024-06-01
São João D'Aliança,2024,6,3.0,108.617195,2024-06-01
Jaupaci,2024,6,21.0,25.467499,2024-06-01
Castelândia,2024,6,4.48,26.917782,2024-06-01
São Francisco de Goiás,2024,6,36.94,41.132683,2024-06-01
Santa Bárbara de Goiás,2024,6,81.23,31.489073,2024-06-01
Aragarças,2024,6,138.58,105.108795,2024-06-01
Água Limpa,2024,6,20.0,21.848349,2024-06-01
Itapirapuã,2024,6,35.56,45.63011,2024-06-01
Cezarina,2024,6,3095.0,57.046444,2024-06-01
Cristalina,2024,6,349.4,501.35315,2024-06-01
Itapuranga,2024,6,225.54,146.17271,2024-06-01
Santa Fé de Goiás,2024,6,35.44,81.21897,2024-06-01
Gouvelândia,2024,6,38.5,20.096758,2024-06-01
Itapaci,2024,6,83.29,115.90839,2024-06-01
Itarumã,2024,6,26.76,18.705944,2024-06-01
Goiatuba,2024,6,102.9,247.07863,2024-06-01
Ceres,2024,6,130.62,127.756996,2024-06-01
Chapadão do Céu,2024,6,31.3,45.064884,2024-06-01
Santa Isabel,2024,6,72.32,25.775448,2024-06-01
Itauçu,2024,6,6.0,36.588413,2024-06-01
Santa Cruz de Goiás,2024,6,13.04,78.52836,2024-06-01
Cavalcante,2024,6,5.0,32.352516,2024-06-01
Uirapuru,2024,6,59.4,21.565409,2024-06-01
Caturaí,2024,6,33.48,38.923725,2024-06-01
Itaguaru,2024,6,24.7,33.29954,2024-06-01
São Domingos,2024,6,13.2,38.988785,2024-06-01
Lagoa Santa,2024,6,8.0,22.568415,2024-06-01
Itumbiara,2024,6,1101.97,883.8038,2024-06-01
Varjão,2024,6,52.0,30.081942,2024-06-01
Itaguari,2024,6,20.48,38.193806,2024-06-01
Corumbaíba,2024,6,35.08,186.91733,2024-06-01
Guapó,2024,6,30.0,99.41589,2024-06-01
Goiás,2024,6,109.52,150.60895,2024-06-01
Vicentinópolis,2024,6,20.84,47.243446,2024-06-01
Santa Tereza de Goiás,2024,6,41.48,28.381819,2024-06-01
Ipameri,2024,6,169.68,245.85912,2024-06-01
Urutaí,2024,6,260.84,47.29553,2024-06-01
Uruana,2024,6,139.2,24.53043,2024-06-01
Heitoraí,2024,6,100.6,36.726616,2024-06-01
Indiara,2024,6,48.0,120.09329,2024-06-01
Goianésia,2024,6,474.65,223.35567,2024-06-01
Inaciolândia,2024,6,23.9,40.172863,2024-06-01
Anápolis,2024,6,2729.02,1108.9197,2024-06-01
Cocalzinho de Goiás,2024,6,45.72,124.75448,2024-06-01
São Miguel do Araguaia,2024,6,190.49,161.80437,2024-06-01
Leopoldo de Bulhões,2024,6,46.02,41.943184,2024-06-01
Rio Quente,2024,6,49.44,85.114365,2024-06-01
Castelândia,2024,6,4.48,26.917782,2024-06-01
Hidrolândia,2024,6,159.22,142.51082,2024-06-01
Barro Alto,2024,6,41.25,72.978485,2024-06-01
Córrego do Ouro,2024,6,15.1,20.454502,2024-06-01
Santo Antônio da Barra,2024,6,51.52,40.33495,2024-06-01
Santo Antônio de Goiás,2024,6,9.85,59.651516,2024-06-01
Crixás,2024,6,127.72,129.4494,2024-06-01
Luziânia,2024,6,327.16,685.44635,2024-06-01
Abadiânia,2024,6,95.0,110.518585,2024-06-01
Rianápolis,2024,6,8.3,37.172436,2024-06-01
Goiandira,2024,6,21.4,18.099014,2024-06-01
Iaciara,2024,6,70.0,59.154694,2024-06-01
Jussara,2024,6,203.54,175.52403,2024-06-01
Santa Helena de Goiás,2024,6,225.98,200.88837,2024-06-01
Turvelândia,2024,6,5.0,50.781944,2024-06-01
Santa Terezinha de Goiás,2024,6,51.7,41.712143,2024-06-01
Joviânia,2024,6,29.65,46.99663,2024-06-01
Rio Verde,2024,6,1627.38,2311.3557,2024-06-01
Vila Propício,2024,6,26.32,81.55602,2024-06-01
Aruanã,2024,7,120.05,217.05212,2024-07-01
Santa Isabel,2024,7,109.0,22.460169,2024-07-01
Novo Planalto,2024,7,40.36,45.49053,2024-07-01
Piracanjuba,2024,7,169.6,196.44885,2024-07-01
Buritinópolis,2024,7,26.46,44.378563,2024-07-01
Abadia de Goiás,2024,7,128.55,126.39184,2024-07-01
Uirapuru,2024,7,65.0,24.573374,2024-07-01
Orizona,2024,7,174.48,139.86108,2024-07-01
Santa Tereza de Goiás,2024,7,16.6,28.1779,2024-07-01
Santo Antônio da Barra,2024,7,22.8,34.71573,2024-07-01
Guapó,2024,7,122.35,111.193054,2024-07-01
Panamá,2024,7,33.58,51.10192,2024-07-01
Moiporá,2024,7,18.35,26.161505,2024-07-01
Itaguaru,2024,7,26.0,27.500822,2024-07-01
Alto Horizonte,2024,7,94.27,47.818832,2024-07-01
Iaciara,2024,7,2508.0,87.499916,2024-07-01
Minaçu,2024,7,255.16,186.43883,2024-07-01
São Domingos,2024,7,23.0,63.112396,2024-07-01
Caiapônia,2024,7,586.54,515.8433,2024-07-01
Ouro Verde de Goiás,2024,7,8.0,35.51593,2024-07-01
Cocalzinho de Goiás,2024,7,10.1,125.708466,2024-07-01
Aurilândia,2024,7,14.0,64.68977,2024-07-01
Chapadão do Céu,2024,7,136.96,89.409294,2024-07-01
Estrela do Norte,2024,7,6.0,58.289387,2024-07-01
Cachoeira Alta,2024,7,130.56,52.093826,2024-07-01
São Francisco de Goiás,2024,7,22.0,47.818832,2024-07-01
Cristalina,2024,7,192.77,435.5225,2024-07-01
Acreúna,2024,7,197.36,144.22218,2024-07-01
Novo Brasil,2024,7,55.29,33.944164,2024-07-01
Ipameri,2024,7,337.7,191.29381,2024-07-01
Itapirapuã,2024,7,27.48,39.831387,2024-07-01
Caldas Novas,2024,7,1082.69,988.13824,2024-07-01
Piranhas,2024,7,242.52,95.75598,2024-07-01
Faina,2024,7,25.0,46.48509,2024-07-01
Corumbá de Goiás,2024,7,18.0,55.636696,2024-07-01
Doverlândia,2024,7,38.65,49.798836,2024-07-01
Gouvelândia,2024,7,11.42,39.623108,2024-07-01
Trindade,2024,7,1837.07,504.24512,2024-07-01
Novo Gama,2024,7,28.87,128.74733,2024-07-01
Guarinos,2024,7,15.3,23.924555,2024-07-01
Hidrolina,2024,7,10.0,25.01476,2024-07-01
Cabeceiras,2024,7,10.0,71.180695,2024-07-01
Matrinchã,2024,7,3020.0,54.81065,2024-07-01
Itapaci,2024,7,273.98,113.30583,2024-07-01
Alto Paraíso de Goiás,2024,7,10.5,88.34745,2024-07-01
Brazabrantes,2024,7,46.6,42.750507,2024-07-01
Santo Antônio de Goiás,2024,7,452.71,66.33767,2024-07-01
Terezópolis de Goiás,2024,7,36.36,61.449104,2024-07-01
Petrolina de Goiás,2024,7,34.48,49.798836,2024-07-01
Itaguari,2024,7,57.0,37.235546,2024-07-01
Cocalzinho de Goiás,2024,7,10.1,125.708466,2024-07-01
Mineiros,2024,7,515.64,384.2523,2024-07-01
Avelinópolis,2024,7,10.0,36.310867,2024-07-01
Israelândia,2024,7,35.0,27.890665,2024-07-01
Santo Antônio do Descoberto,2024,7,169.72,112.61805,2024-07-01
Araçu,2024,7,5.0,37.97952,2024-07-01
Indiara,2024,7,5.6,155.18736,2024-07-01
Anicuns,2024,7,133.34,108.35597,2024-07-01
Palestina de Goiás,2024,7,27.0,63.847652,2024-07-01
Aparecida do Rio Doce,2024,7,14.0,68.878296,2024-07-01
Edéia,2024,7,60.7,121.8516,2024-07-01
Paranaiguara,2024,7,61.29,49.076435,2024-07-01
Santa Terezinha de Goiás,2024,7,105.72,41.11659,2024-07-01
Baliza,2024,7,47.04,32.12538,2024-07-01
Cachoeira Dourada,2024,7,51.06,59.743656,2024-07-01
Paraúna,2024,7,158.0,151.8503,2024-07-01
Palmeiras de Goiás,2024,7,148.78,220.55594,2024-07-01
Santa Rosa de Goiás,2024,7,38.0,37.761997,2024-07-01
Iporá,2024,7,339.74,152.60876,2024-07-01
Buriti Alegre,2024,7,125.0,122.03706,2024-07-01
Urutaí,2024,7,14.0,57.933624,2024-07-01
Heitoraí,2024,7,39.0,44.899208,2024-07-01
Montes Claros de Goiás,2024,7,122.28,65.8261,2024-07-01
Buriti de Goiás,2024,7,15.0,26.014675,2024-07-01
Inaciolândia,2024,7,32.69,43.121555,2024-07-01
Montividiu,2024,7,98.72,151.62581,2024-07-01
Maurilândia,2024,7,29.8,53.763268,2024-07-01
Santa Rita do Araguaia,2024,7,19.7,86.31346,2024-07-01
Edealina,2024,7,98.7,139.89168,2024-07-01
Córrego do Ouro,2024,7,48.31,26.863998,2024-07-01
Varjão,2024,7,43.1,45.30289,2024-07-01
Amaralina,2024,7,13.6,32.510643,2024-07-01
Alexânia,2024,7,102.5,114.891045,2024-07-01
Britânia,2024,7,16.4,97.76214,2024-07-01
Itajá,2024,7,45.0,22.094152,2024-07-01
Uruaçu,2024,7,584.53,243.43028,2024-07-01
Ouvidor,2024,7,15.24,444.79855,2024-07-01
Hidrolândia,2024,7,145.5,173.35599,2024-07-01
Uruana,2024,7,25.0,22.789145,2024-07-01
Três Ranchos,2024,7,43.0,36.45586,2024-07-01
Teresina de Goiás,2024,7,5.0,34.865963,2024-07-01
Corumbaíba,2024,7,22.0,162.07951,2024-07-01
Silvânia,2024,7,5347.24,147.14534,2024-07-01
Itaberaí,2024,7,395.73,258.44928,2024-07-01
Alvorada do Norte,2024,7,49.99,50.41542,2024-07-01
Perolândia,2024,7,28.0,32.21186,2024-07-01
Cidade Ocidental,2024,7,140.3,132.03043,2024-07-01
Caçu,2024,7,147.0,82.979164,2024-07-01
Anápolis,2024,7,2105.27,2597.5562,2024-07-01
Padre Bernardo,2024,7,519.84,166.84785,2024-07-01
Pirenópolis,2024,7,159.12,161.0758,2024-07-01
Ipiranga de Goiás,2024,7,15.0,23.072517,2024-07-01
Pires do Rio,2024,7,156.38,633.7713,2024-07-01
Carmo do Rio Verde,2024,7,60.52,39.88653,2024-07-01
Serranópolis,2024,7,54.48,57.726345,2024-07-01
Castelândia,2024,7,106.76,32.57723,2024-07-01
São Patrício,2024,7,11.0,35.503643,2024-07-01
Posse,2024,7,123.04,141.2608,2024-07-01
Mossâmedes,2024,7,1066.3,44.78168,2024-07-01
Mozarlândia,2024,7,191.83,185.02469,2024-07-01
São João D'Aliança,2024,7,52.54,113.191345,2024-07-01
Jaupaci,2024,7,3.0,26.701193,2024-07-01
Vila Boa,2024,7,6.0,45.49053,2024-07-01
Portelândia,2024,7,28.0,43.76764,2024-07-01
Goiânia,2024,7,11752.7,8637.194,2024-07-01
Campo Alegre de Goiás,2024,7,22.32,175.89201,2024-07-01
Mundo Novo,2024,7,231.18,49.925804,2024-07-01
Rubiataba,2024,7,109.48,94.72254,2024-07-01
Araguapaz,2024,7,34.0,42.505043,2024-07-01
Vila Propício,2024,7,19.56,86.23489,2024-07-01
Formoso,2024,7,92.54,56.11122,2024-07-01
Catalão,2024,7,656.64,926.0764,2024-07-01
Porteirão,2024,7,107.2,40.560658,2024-07-01
Cristianópolis,2024,7,32.84,74.5508,2024-07-01
Santa Helena de Goiás,2024,7,391.5,206.60791,2024-07-01
Campinorte,2024,7,85.12,60.85672,2024-07-01
Mutunópolis,2024,7,44.48,39.035194,2024-07-01
Goianira,2024,7,199.38,136.1696,2024-07-01
Bom Jardim de Goiás,2024,7,80.54,56.32863,2024-07-01
Jaraguá,2024,7,474.75,168.44427,2024-07-01
Trombas,2024,7,3.42,47.44391,2024-07-01
Nazário,2024,7,45.16,112.37941,2024-07-01
Amorinópolis,2024,7,21.3,31.63307,2024-07-01
São João da Paraúna,2024,7,12.0,83.68818,2024-07-01
Porangatu,2024,7,416.55,207.89581,2024-07-01
Jataí,2024,7,618.66,620.9444,2024-07-01
Bela Vista de Goiás,2024,7,229.06,220.66255,2024-07-01
Gameleira de Goiás,2024,7,13.0,41.840862,2024-07-01
Joviânia,2024,7,40.24,55.782063,2024-07-01
Aragoiânia,2024,7,144.4,65.02684,2024-07-01
Rianápolis,2024,7,41.0,32.043663,2024-07-01
Abadiânia,2024,7,55.5,113.39209,2024-07-01
Campos Verdes,2024,7,46.6,33.489346,2024-07-01
Águas Lindas de Goiás,2024,7,213.0,215.87218,2024-07-01
Crixás,2024,7,165.55,245.86244,2024-07-01
Aparecida de Goiânia,2024,7,2505.4,1680.7015,2024-07-01
Mairipotaba,2024,7,16.0,69.83913,2024-07-01
Luziânia,2024,7,329.79,419.47507,2024-07-01
Cromínia,2024,7,54.0,39.370827,2024-07-01
Mambaí,2024,7,15.4,54.655518,2024-07-01
Rio Quente,2024,7,72.3,96.891525,2024-07-01
São Miguel do Passa Quatro,2024,7,70.3,46.319168,2024-07-01
Mara Rosa,2024,7,5151.59,190.1943,2024-07-01
Leopoldo de Bulhões,2024,7,56.9,48.629333,2024-07-01
São Miguel do Araguaia,2024,7,187.91,150.99152,2024-07-01
Quirinópolis,2024,7,378.96,289.9696,2024-07-01
Morro Agudo de Goiás,2024,7,24.0,22.082087,2024-07-01
Campo Limpo de Goiás,2024,7,16.0,95.65628,2024-07-01
Rio Verde,2024,7,2878.54,1417.3135,2024-07-01
Jussara,2024,7,207.27,172.92453,2024-07-01
Morrinhos,2024,7,325.87,263.0269,2024-07-01
Goianápolis,2024,7,10.0,64.310585,2024-07-01
Sanclerlândia,2024,7,61.0,51.53241,2024-07-01
Castelândia,2024,7,106.76,32.57723,2024-07-01
Goianésia,2024,7,696.99,220.75616,2024-07-01
Turvelândia,2024,7,59.48,61.966778,2024-07-01
Montividiu do Norte,2024,7,30.0,20.146965,2024-07-01
Campos Belos,2024,7,72.75,68.87175,2024-07-01
Marzagão,2024,7,18.85,30.412338,2024-07-01
Barro Alto,2024,7,89.84,70.37593,2024-07-01
Professor Jamil,2024,7,50.0,74.5508,2024-07-01
Nerópolis,2024,7,266.99,128.74733,2024-07-01
São Simão,2024,7,182.96,64.53012,2024-07-01
Turvânia,2024,7,20.56,38.7674,2024-07-01
Itapuranga,2024,7,150.8,144.18893,2024-07-01
Vicentinópolis,2024,7,17.2,56.508213,2024-07-01
Caldazinha,2024,7,30.53,73.155365,2024-07-01
Fazenda Nova,2024,7,36.89,42.712074,2024-07-01
Senador Canedo,2024,7,914.55,597.6973,2024-07-01
Aloândia,2024,7,4.48,40.423576,2024-07-01
Santa Fé de Goiás,2024,7,54.3,71.180695,2024-07-01
Itarumã,2024,7,61.76,45.78869,2024-07-01
Caturaí,2024,7,10.17,47.096317,2024-07-01
Bonfinópolis,2024,7,38.7,56.121826,2024-07-01
Lagoa Santa,2024,7,6.84,11.270848,2024-07-01
Itumbiara,2024,7,1273.29,999.3868,2024-07-01
Nova Iguaçu de Goiás,2024,7,22.19,23.885359,2024-07-01
Nova Crixás,2024,7,7578.72,143.59291,2024-07-01
Cavalcante,2024,7,5.0,43.297318,2024-07-01
Formosa,2024,7,486.83,311.79767,2024-07-01
Santa Cruz de Goiás,2024,7,5.0,91.61968,2024-07-01
Planaltina,2024,7,221.37,98.57467,2024-07-01
Itauçu,2024,7,50.0,37.822113,2024-07-01
Firminópolis,2024,7,29.24,55.303036,2024-07-01
Adelândia,2024,7,11.0,33.249256,2024-07-01
Goiatuba,2024,7,293.33,232.49568,2024-07-01
Ceres,2024,7,259.0,120.59683,2024-07-01
Diorama,2024,7,23.75,30.2963,2024-07-01
Caldas Novas,2024,7,1082.69,988.13824,2024-07-01
Nova América,2024,7,17.5,20.881018,2024-07-01
Nova Glória,2024,7,78.0,25.895449,2024-07-01
Campinaçu,2024,7,100.32,32.536644,2024-07-01
Água Limpa,2024,7,24.6,29.126799,2024-07-01
Flores de Goiás,2024,7,8.0,60.59643,2024-07-01
Vianópolis,2024,7,72.49,168.55542,2024-07-01
Arenópolis,2024,7,15.6,39.170197,2024-07-01
Santa Bárbara de Goiás,2024,7,78.0,39.254498,2024-07-01
Goiandira,2024,7,39.5,37.625362,2024-07-01
Ivolândia,2024,7,6.0,39.035194,2024-07-01
Jandaia,2024,7,35.8,62.896587,2024-07-01
Niquelândia,2024,7,157.53,747.8292,2024-07-01
Nova Veneza,2024,7,121.84,109.97059,2024-07-01
Pontalina,2024,7,128.4,137.96065,2024-07-01
Bonópolis,2024,7,27.36,46.78005,2024-07-01
Goiás,2024,7,3322.53,159.97018,2024-07-01
Americano do Brasil,2024,7,15.0,36.422413,2024-07-01
Aragarças,2024,7,178.83,104.150536,2024-07-01
Vianópolis,2024,8,281.63,134.03111,2024-08-01
Chapadão do Céu,2024,8,34.93,140.19263,2024-08-01
Maurilândia,2024,8,29.02,54.156456,2024-08-01
Corumbá de Goiás,2024,8,37.24,64.05545,2024-08-01
Campos Belos,2024,8,35.0,69.99994,2024-08-01
Caldas Novas,2024,8,958.09,1008.55664,2024-08-01
Caldazinha,2024,8,18.0,46.833168,2024-08-01
Carmo do Rio Verde,2024,8,44.27,63.23462,2024-08-01
Brazabrantes,2024,8,100.5,47.53176,2024-08-01
Uruana,2024,8,103.6,31.032171,2024-08-01
Turvelândia,2024,8,8.0,64.712975,2024-08-01
Águas Lindas de Goiás,2024,8,917.4,244.17221,2024-08-01
Cromínia,2024,8,42.7,41.62844,2024-08-01
Anápolis,2024,8,2121.71,2467.9224,2024-08-01
Barro Alto,2024,8,91.82,94.84174,2024-08-01
Abadia de Goiás,2024,8,127.72,89.60193,2024-08-01
Doverlândia,2024,8,96.0,52.425407,2024-08-01
Trindade,2024,8,409.74,507.82538,2024-08-01
Alexânia,2024,8,1133.36,120.75302,2024-08-01
Cezarina,2024,8,55.06,129.26184,2024-08-01
Crixás,2024,8,102.95,209.6334,2024-08-01
Caldas Novas,2024,8,958.09,1008.55664,2024-08-01
Bonópolis,2024,8,7.98,63.089005,2024-08-01
Cristalina,2024,8,2582.5,326.0485,2024-08-01
Castelândia,2024,8,120.82,71.48278,2024-08-01
Caçu,2024,8,2261.0,100.59344,2024-08-01
Turvânia,2024,8,6.0,62.28948,2024-08-01
Urutaí,2024,8,6.6,58.811874,2024-08-01
Edealina,2024,8,47.98,198.58191,2024-08-01
Damolândia,2024,8,18.0,35.5262,2024-08-01
Britânia,2024,8,34.88,113.80716,2024-08-01
Buriti Alegre,2024,8,95.97,104.088974,2024-08-01
Cachoeira Dourada,2024,8,61.72,45.094727,2024-08-01
Cristianópolis,2024,8,42.0,50.10189,2024-08-01
Cocalzinho de Goiás,2024,8,2.25,123.335075,2024-08-01
Varjão,2024,8,16.0,66.332954,2024-08-01
Matrinchã,2024,8,115.1,86.29265,2024-08-01
Bom Jardim de Goiás,2024,8,119.14,64.962944,2024-08-01
Campinaçu,2024,8,15.0,74.79609,2024-08-01
Amorinópolis,2024,8,27.0,52.78822,2024-08-01
Corumbaíba,2024,8,96.81,197.07735,2024-08-01
Cidade Ocidental,2024,8,22.06,138.77548,2024-08-01
Trombas,2024,8,25.48,82.24784,2024-08-01
Campinorte,2024,8,81.42,136.18726,2024-08-01
Ceres,2024,8,182.6,232.19487,2024-08-01
Americano do Brasil,2024,8,1016.46,37.02767,2024-08-01
Campo Alegre de Goiás,2024,8,48.99,186.26462,2024-08-01
Buriti de Goiás,2024,8,34.0,30.795925,2024-08-01
Campo Limpo de Goiás,2024,8,53.47,64.54838,2024-08-01
Cabeceiras,2024,8,4.0,89.63032,2024-08-01
Córrego do Ouro,2024,8,5.0,30.738758,2024-08-01
Vila Propício,2024,8,8.0,68.0941,2024-08-01
Castelândia,2024,8,120.82,71.48278,2024-08-01
Três Ranchos,2024,8,1074.76,62.553677,2024-08-01
Diorama,2024,8,21.0,35.823425,2024-08-01
Bonfinópolis,2024,8,26.0,65.13993,2024-08-01
Cachoeira Alta,2024,8,155.3,68.36854,2024-08-01
Caturaí,2024,8,20.0,51.65621,2024-08-01
Caiapônia,2024,8,2068.6,836.6859,2024-08-01
Vicentinópolis,2024,8,14.96,55.32596,2024-08-01
Vila Boa,2024,8,10.6,73.58032,2024-08-01
Uruaçu,2024,8,1069.67,319.24188,2024-08-01
Catalão,2024,8,761.81,931.1827,2024-08-01
Cocalzinho de Goiás,2024,8,2.25,123.335075,2024-08-01
Bela Vista de Goiás,2024,8,322.24,223.76881,2024-08-01
Piranhas,2024,8,49.68,112.494865,2024-08-01
Gouvelândia,2024,8,8.6,63.35758,2024-08-01
Leopoldo de Bulhões,2024,8,16.54,54.156456,2024-08-01
Rio Quente,2024,8,12.48,98.86606,2024-08-01
Avelinópolis,2024,8,9.0,41.83799,2024-08-01
Padre Bernardo,2024,8,80.8,187.65779,2024-08-01
São João D'Aliança,2024,8,31.55,140.79947,2024-08-01
Santa Rita do Novo Destino,2024,8,16.0,59.42381,2024-08-01
Iporá,2024,8,513.7,174.46297,2024-08-01
Nova Glória,2024,8,39.0,31.197987,2024-08-01
Adelândia,2024,8,16.0,38.03051,2024-08-01
Flores de Goiás,2024,8,8.16,61.364838,2024-08-01
Luziânia,2024,8,434.17,519.705,2024-08-01
Alvorada do Norte,2024,8,228.0,63.096893,2024-08-01
Ouvidor,2024,8,29.05,243.38895,2024-08-01
Heitoraí,2024,8,28.32,50.42633,2024-08-01
Abadiânia,2024,8,199.59,129.20723,2024-08-01
Mozarlândia,2024,8,119.61,277.38785,2024-08-01
Portelândia,2024,8,120.36,67.40702,2024-08-01
Senador Canedo,2024,8,949.88,610.9852,2024-08-01
Firminópolis,2024,8,47.55,75.3707,2024-08-01
Faina,2024,8,47.6,80.755974,2024-08-01
Serranópolis,2024,8,11.0,49.58682,2024-08-01
Itaberaí,2024,8,5389.25,340.19403,2024-08-01
Joviânia,2024,8,68.0,68.69747,2024-08-01
Santo Antônio da Barra,2024,8,24.5,53.949818,2024-08-01
Nova Crixás,2024,8,84.36,192.15936,2024-08-01
Mundo Novo,2024,8,81.53,65.686806,2024-08-01
Rianápolis,2024,8,64.0,57.22899,2024-08-01
Planaltina,2024,8,201.32,130.96393,2024-08-01
Santa Rita do Araguaia,2024,8,53.8,80.69503,2024-08-01
Fazenda Nova,2024,8,24.0,47.261303,2024-08-01
Israelândia,2024,8,18.5,31.482449,2024-08-01
Baliza,2024,8,78.09,43.388134,2024-08-01
Palestina de Goiás,2024,8,18.6,33.174564,2024-08-01
Goiânia,2024,8,5806.83,7244.8228,2024-08-01
Guarinos,2024,8,23.46,76.063286,2024-08-01
Jussara,2024,8,220.82,341.25214,2024-08-01
Posse,2024,8,59.0,148.69832,2024-08-01
Amaralina,2024,8,33.26,48.844357,2024-08-01
Formosa,2024,8,284.79,322.14606,2024-08-01
Gameleira de Goiás,2024,8,6.0,70.10118,2024-08-01
Indiara,2024,8,92.24,251.33618,2024-08-01
Novo Gama,2024,8,53.62,133.24728,2024-08-01
Nova Roma,2024,8,4.06,63.76688,2024-08-01
Quirinópolis,2024,8,753.13,272.3828,2024-08-01
Inaciolândia,2024,8,46.52,55.468628,2024-08-01
Goiandira,2024,8,24.0,63.72318,2024-08-01
Santa Terezinha de Goiás,2024,8,136.49,47.96401,2024-08-01
Goianápolis,2024,8,178.78,93.288925,2024-08-01
Marzagão,2024,8,18.0,66.747894,2024-08-01
São Miguel do Passa Quatro,2024,8,48.85,45.674435,2024-08-01
Morrinhos,2024,8,246.03,325.01892,2024-08-01
Professor Jamil,2024,8,6.0,50.10189,2024-08-01
Acreúna,2024,8,207.73,297.20532,2024-08-01
Aparecida de Goiânia,2024,8,1551.07,2652.4812,2024-08-01
Nova Veneza,2024,8,44.41,118.55522,2024-08-01
Novo Brasil,2024,8,56.0,58.54051,2024-08-01
Palmeiras de Goiás,2024,8,248.64,195.67508,2024-08-01
Morro Agudo de Goiás,2024,8,54.56,51.48365,2024-08-01
São Patrício,2024,8,15.0,41.030766,2024-08-01
Ouro Verde de Goiás,2024,8,29.1,37.02767,2024-08-01
Mossâmedes,2024,8,43.0,45.61296,2024-08-01
São Simão,2024,8,169.85,109.02349,2024-08-01
Aragoiânia,2024,8,474.04,60.398228,2024-08-01
Nova Iguaçu de Goiás,2024,8,15.43,72.543434,2024-08-01
Santa Tereza de Goiás,2024,8,13.12,62.038136,2024-08-01
Ipameri,2024,8,256.26,210.83041,2024-08-01
Mara Rosa,2024,8,79.82,267.4715,2024-08-01
Alto Horizonte,2024,8,42.6,48.239197,2024-08-01
Hidrolândia,2024,8,127.25,260.47653,2024-08-01
Formoso,2024,8,32.6,61.223537,2024-08-01
São Miguel do Araguaia,2024,8,230.98,202.53848,2024-08-01
Goianésia,2024,8,1676.58,298.2093,2024-08-01
Santo Antônio de Goiás,2024,8,81.86,54.99745,2024-08-01
Novo Planalto,2024,8,119.9,108.59671,2024-08-01
Mairipotaba,2024,8,10.0,43.410355,2024-08-01
Orizona,2024,8,2698.0,178.22423,2024-08-01
Goianira,2024,8,131.09,197.3588,2024-08-01
Rio Verde,2024,8,1358.92,2579.8042,2024-08-01
São João da Paraúna,2024,8,85.0,67.9263,2024-08-01
Taquaral de Goiás,2024,8,63.6,46.885216,2024-08-01
Santa Bárbara de Goiás,2024,8,38.55,64.71,2024-08-01
São Francisco de Goiás,2024,8,41.0,48.239197,2024-08-01
Ivolândia,2024,8,5.0,48.27898,2024-08-01
Perolândia,2024,8,17.24,36.8935,2024-08-01
Terezópolis de Goiás,2024,8,29.51,50.87301,2024-08-01
Goiatuba,2024,8,427.71,247.79062,2024-08-01
Sítio D'Abadia,2024,8,13.9,60.275204,2024-08-01
Jandaia,2024,8,115.89,79.02646,2024-08-01
Pirenópolis,2024,8,171.38,282.33356,2024-08-01
Paraúna,2024,8,59.8,169.24947,2024-08-01
Itajá,2024,8,25.86,34.313057,2024-08-01
Santa Helena de Goiás,2024,8,450.94,291.03006,2024-08-01
Sanclerlândia,2024,8,98.3,57.059532,2024-08-01
Montes Claros de Goiás,2024,8,75.59,91.24823,2024-08-01
Moiporá,2024,8,102.18,52.259323,2024-08-01
Itapuranga,2024,8,253.48,208.31209,2024-08-01
Santa Fé de Goiás,2024,8,147.7,89.63032,2024-08-01
Mineiros,2024,8,456.48,448.45654,2024-08-01
Itauçu,2024,8,47.6,40.82632,2024-08-01
Piracanjuba,2024,8,266.65,200.21779,2024-08-01
Nerópolis,2024,8,62.29,145.09657,2024-08-01
Porangatu,2024,8,421.97,326.33362,2024-08-01
Nazário,2024,8,56.48,188.20915,2024-08-01
Niquelândia,2024,8,181.3,888.92834,2024-08-01
Itumbiara,2024,8,1639.23,786.2326,2024-08-01
Nova América,2024,8,16.0,49.793026,2024-08-01
Pilar de Goiás,2024,8,7.98,79.58495,2024-08-01
Minaçu,2024,8,2667.72,218.78273,2024-08-01
Pontalina,2024,8,192.06,128.46326,2024-08-01
Guapó,2024,8,55.0,96.24075,2024-08-01
Aragarças,2024,8,112.94,127.2381,2024-08-01
Santa Cruz de Goiás,2024,8,42.8,80.721825,2024-08-01
Aurilândia,2024,8,10.6,39.846607,2024-08-01
Petrolina de Goiás,2024,8,44.72,55.32596,2024-08-01
Itarumã,2024,8,47.6,80.46472,2024-08-01
Paranaiguara,2024,8,26.0,81.73454,2024-08-01
Guaraíta,2024,8,10.0,41.030766,2024-08-01
Mutunópolis,2024,8,9.72,48.561962,2024-08-01
Nova Aurora,2024,8,6.0,51.928226,2024-08-01
Palminópolis,2024,8,17.92,48.68746,2024-08-01
Montividiu,2024,8,66.04,305.57147,2024-08-01
Itapirapuã,2024,8,44.0,53.006836,2024-08-01
Santa Isabel,2024,8,18.5,77.05078,2024-08-01
Itaguaru,2024,8,22.44,40.676266,2024-08-01
Rubiataba,2024,8,138.04,100.249664,2024-08-01
Santo Antônio do Descoberto,2024,8,5145.7,134.9814,2024-08-01
Porteirão,2024,8,39.6,82.470505,2024-08-01
Estrela do Norte,2024,8,38.2,60.306335,2024-08-01
Jaupaci,2024,8,28.4,31.482449,2024-08-01
Araguapaz,2024,8,129.55,72.41388,2024-08-01
Edéia,2024,8,16.0,110.31381,2024-08-01
Aruanã,2024,8,89.42,151.36888,2024-08-01
Itaguari,2024,8,11.0,62.0135,2024-08-01
Panamá,2024,8,36.0,74.43636,2024-08-01
Água Fria de Goiás,2024,8,25.0,144.99901,2024-08-01
Pires do Rio,2024,8,85.58,248.94533,2024-08-01
Lagoa Santa,2024,8,10.08,34.666027,2024-08-01
Itapaci,2024,8,112.98,162.09854,2024-08-01
Anicuns,2024,8,85.2,136.44775,2024-08-01
Silvânia,2024,8,299.1,186.44601,2024-08-01
Goiás,2024,8,187.49,324.18225,2024-08-01
Jaraguá,2024,8,1421.48,187.71161,2024-08-01
Iaciara,2024,8,6000.0,63.026283,2024-08-01
Guarani de Goiás,2024,8,3.0,71.3686,2024-08-01
Jataí,2024,8,419.4,623.12616,2024-08-01
Santo Antônio de Goiás,2024,9,96.01,26.507507,2024-09-01
Santo Antônio do Descoberto,2024,9,126.73,54.84894,2024-09-01
Posse,2024,9,111.5,317.54468,2024-09-01
Iaciara,2024,9,24.5,120.327965,2024-09-01
Morrinhos,2024,9,314.9,303.63196,2024-09-01
Corumbaíba,2024,9,32.48,232.78752,2024-09-01
Uruaçu,2024,9,272.99,274.17953,2024-09-01
Araguapaz,2024,9,160.04,37.14486,2024-09-01
Morro Agudo de Goiás,2024,9,9.3,9.384428,2024-09-01
Anápolis,2024,9,4669.63,849.03687,2024-09-01
Campinorte,2024,9,71.64,68.26799,2024-09-01
Aparecida do Rio Doce,2024,9,17.13,27.546202,2024-09-01
Porteirão,2024,9,75.37,24.248905,2024-09-01
Corumbá de Goiás,2024,9,12.0,35.033894,2024-09-01
Nazário,2024,9,64.46,67.37473,2024-09-01
Hidrolina,2024,9,46.5,24.335905,2024-09-01
Guapó,2024,9,61.34,64.12978,2024-09-01
Bom Jardim de Goiás,2024,9,77.84,36.815865,2024-09-01
São Domingos,2024,9,7.0,62.593147,2024-09-01
Mozarlândia,2024,9,101.0,257.31924,2024-09-01
Piranhas,2024,9,69.74,74.25844,2024-09-01
Hidrolândia,2024,9,128.37,100.37442,2024-09-01
Guarinos,2024,9,34.93,23.52868,2024-09-01
Campo Limpo de Goiás,2024,9,106.0,43.042522,2024-09-01
Mutunópolis,2024,9,26.24,24.973618,2024-09-01
Bela Vista de Goiás,2024,9,451.76,147.59308,2024-09-01
Mossâmedes,2024,9,20.56,58.818695,2024-09-01
Mundo Novo,2024,9,24.72,33.60536,2024-09-01
Terezópolis de Goiás,2024,9,75.75,21.309155,2024-09-01
Professor Jamil,2024,9,85.0,57.40835,2024-09-01
Jaraguá,2024,9,308.54,116.18559,2024-09-01
Jataí,2024,9,353.92,406.8614,2024-09-01
Chapadão do Céu,2024,9,52.36,69.7384,2024-09-01
Catalão,2024,9,838.31,561.0516,2024-09-01
Santa Isabel,2024,9,27.56,8.955296,2024-09-01
Itaguaru,2024,9,75.56,40.9629,2024-09-01
Itapaci,2024,9,73.94,103.650375,2024-09-01
Rubiataba,2024,9,87.38,61.397472,2024-09-01
Varjão,2024,9,20.6,21.123,2024-09-01
Castelândia,2024,9,47.49,14.772734,2024-09-01
Vila Propício,2024,9,22.0,66.387856,2024-09-01
Itajá,2024,9,45.0,26.793352,2024-09-01
Itaguari,2024,9,10.0,24.6953,2024-09-01
Joviânia,2024,9,42.0,27.171873,2024-09-01
Jaupaci,2024,9,19.96,10.074107,2024-09-01
Amorinópolis,2024,9,13.0,16.283068,2024-09-01
Itapirapuã,2024,9,32.0,50.815453,2024-09-01
Cezarina,2024,9,2033.0,66.326065,2024-09-01
Itauçu,2024,9,102.56,18.287346,2024-09-01
Cavalcante,2024,9,22.0,97.03824,2024-09-01
Ceres,2024,9,324.6,85.78362,2024-09-01
Itumbiara,2024,9,763.06,539.0962,2024-09-01
Itarumã,2024,9,25.0,29.956022,2024-09-01
Caturaí,2024,9,70.1,20.310575,2024-09-01
Vicentinópolis,2024,9,59.54,28.774437,2024-09-01
Aragarças,2024,9,253.61,66.56036,2024-09-01
Santa Fé de Goiás,2024,9,17.8,88.92537,2024-09-01
Itapuranga,2024,9,37.96,95.51526,2024-09-01
Santa Bárbara de Goiás,2024,9,36.0,24.416975,2024-09-01
Vianópolis,2024,9,27.84,160.55522,2024-09-01
Jandaia,2024,9,32.4,50.898346,2024-09-01
Santa Helena de Goiás,2024,9,289.1,161.63492,2024-09-01
Sanclerlândia,2024,9,15.8,27.423838,2024-09-01
Itaberaí,2024,9,487.61,268.3663,2024-09-01
Santo Antônio da Barra,2024,9,11.0,31.813793,2024-09-01
Rio Verde,2024,9,1321.72,727.15906,2024-09-01
Jussara,2024,9,126.08,131.90501,2024-09-01
Campos Verdes,2024,9,38.84,24.614363,2024-09-01
Águas Lindas de Goiás,2024,9,334.57,212.58418,2024-09-01
Mairipotaba,2024,9,22.0,53.434086,2024-09-01
Mambaí,2024,9,54.56,27.559134,2024-09-01
Mara Rosa,2024,9,103.19,239.7159,2024-09-01
Córrego do Ouro,2024,9,6.0,12.44335,2024-09-01
Ipameri,2024,9,134.3,133.86163,2024-09-01
Santa Terezinha de Goiás,2024,9,108.4,65.96616,2024-09-01
Quirinópolis,2024,9,462.51,202.33327,2024-09-01
Inaciolândia,2024,9,95.08,27.452446,2024-09-01
Marzagão,2024,9,19.0,16.340132,2024-09-01
Uruana,2024,9,10.0,35.477077,2024-09-01
Montividiu do Norte,2024,9,8.0,73.60009,2024-09-01
Campos Belos,2024,9,6.64,40.5071,2024-09-01
Indiara,2024,9,23.16,88.85119,2024-09-01
Santa Tereza de Goiás,2024,9,40.08,77.55388,2024-09-01
Cocalzinho de Goiás,2024,9,29.54,70.35177,2024-09-01
Aporé,2024,9,9.95,28.724682,2024-09-01
Santa Rita do Araguaia,2024,9,34.96,56.84143,2024-09-01
Israelândia,2024,9,55.12,13.187047,2024-09-01
Castelândia,2024,9,47.49,14.772734,2024-09-01
Barro Alto,2024,9,91.48,51.017685,2024-09-01
Araçu,2024,9,127.44,10.398559,2024-09-01
Leopoldo de Bulhões,2024,9,45.0,24.520761,2024-09-01
Rio Quente,2024,9,27.0,61.795376,2024-09-01
Iporá,2024,9,273.44,101.88845,2024-09-01
Urutaí,2024,9,227.74,45.150883,2024-09-01
Luziânia,2024,9,543.73,448.703,2024-09-01
Cocalzinho de Goiás,2024,9,29.54,70.35177,2024-09-01
Abadiânia,2024,9,102.16,81.1929,2024-09-01
Ipiranga de Goiás,2024,9,20.68,16.644815,2024-09-01
Porangatu,2024,9,429.09,329.39514,2024-09-01
Aragoiânia,2024,9,158.7,68.455215,2024-09-01
Cidade Ocidental,2024,9,155.68,148.17143,2024-09-01
Carmo do Rio Verde,2024,9,36.7,27.024212,2024-09-01
Cristalina,2024,9,322.5,239.97736,2024-09-01
Santa Cruz de Goiás,2024,9,6.0,57.22236,2024-09-01
Pires do Rio,2024,9,244.0,236.63882,2024-09-01
Alto Horizonte,2024,9,65.73,20.71718,2024-09-01
Formoso,2024,9,50.0,58.56806,2024-09-01
Orizona,2024,9,89.18,106.36028,2024-09-01
Damianópolis,2024,9,10.0,51.422943,2024-09-01
Novo Planalto,2024,9,38.4,37.431053,2024-09-01
Cabeceiras,2024,9,43.46,88.92537,2024-09-01
São Patrício,2024,9,13.0,11.196675,2024-09-01
Silvânia,2024,9,240.21,105.41496,2024-09-01
Alto Paraíso de Goiás,2024,9,3.0,180.03043,2024-09-01
Brazabrantes,2024,9,76.1,18.10528,2024-09-01
Gameleira de Goiás,2024,9,15.98,29.977495,2024-09-01
Anicuns,2024,9,56.08,72.20092,2024-09-01
Damolândia,2024,9,64.15,17.95878,2024-09-01
Novo Gama,2024,9,47.78,55.270992,2024-09-01
Caldas Novas,2024,9,1578.94,710.5745,2024-09-01
Paranaiguara,2024,9,51.34,31.47635,2024-09-01
Matrinchã,2024,9,10.0,45.694424,2024-09-01
Goianápolis,2024,9,3.0,44.849823,2024-09-01
Novo Brasil,2024,9,13.0,19.915127,2024-09-01
São Miguel do Passa Quatro,2024,9,11.0,21.515957,2024-09-01
Buriti Alegre,2024,9,101.24,79.963,2024-09-01
Cromínia,2024,9,20.0,15.137946,2024-09-01
Buriti de Goiás,2024,9,167.6,10.115581,2024-09-01
Caldas Novas,2024,9,1578.94,710.5745,2024-09-01
Nova Veneza,2024,9,114.42,66.416824,2024-09-01
Aparecida de Goiânia,2024,9,2521.72,821.1548,2024-09-01
Montes Claros de Goiás,2024,9,64.12,50.335064,2024-09-01
Turvânia,2024,9,31.32,21.854782,2024-09-01
Paraúna,2024,9,39.12,263.80783,2024-09-01
Caiapônia,2024,9,120.34,158.32207,2024-09-01
Edealina,2024,9,45.0,108.69454,2024-09-01
Serranópolis,2024,9,57.1,44.245197,2024-09-01
Faina,2024,9,44.94,38.364246,2024-09-01
Trindade,2024,9,575.21,363.46042,2024-09-01
Aruanã,2024,9,119.6,78.63206,2024-09-01
Edéia,2024,9,82.4,88.08612,2024-09-01
Cachoeira Dourada,2024,9,138.76,40.635654,2024-09-01
Fazenda Nova,2024,9,30.8,19.87665,2024-09-01
Divinópolis de Goiás,2024,9,7.7,92.121574,2024-09-01
Baliza,2024,9,50.14,14.934527,2024-09-01
Doverlândia,2024,9,39.6,25.690254,2024-09-01
Firminópolis,2024,9,130.14,39.269444,2024-09-01
Senador Canedo,2024,9,753.27,359.75842,2024-09-01
Estrela do Norte,2024,9,10.0,30.909393,2024-09-01
Montividiu,2024,9,6.0,95.85215,2024-09-01
Avelinópolis,2024,9,15.0,12.003897,2024-09-01
Caçu,2024,9,141.52,68.64444,2024-09-01
Padre Bernardo,2024,9,1114.4,111.22257,2024-09-01
Palminópolis,2024,9,22.0,57.08599,2024-09-01
Flores de Goiás,2024,9,7.85,79.203064,2024-09-01
Alvorada do Norte,2024,9,2110.55,31.630203,2024-09-01
Cachoeira Alta,2024,9,144.53,47.52113,2024-09-01
Ouvidor,2024,9,35.86,166.61269,2024-09-01
Britânia,2024,9,10.06,90.13746,2024-09-01
Formosa,2024,9,120.31,269.9772,2024-09-01
Nerópolis,2024,9,100.79,85.30821,2024-09-01
Água Fria de Goiás,2024,9,36.0,90.39813,2024-09-01
Panamá,2024,9,6.0,42.606678,2024-09-01
São Simão,2024,9,102.42,86.51022,2024-09-01
Diorama,2024,9,18.09,9.950322,2024-09-01
Arenópolis,2024,9,22.28,23.177874,2024-09-01
Acreúna,2024,9,163.78,93.685455,2024-09-01
Nova Crixás,2024,9,4065.02,124.57271,2024-09-01
Petrolina de Goiás,2024,9,29.0,25.690254,2024-09-01
Aurilândia,2024,9,16.64,33.34827,2024-09-01
Maurilândia,2024,9,22.23,24.520761,2024-09-01
Mineiros,2024,9,359.25,414.0681,2024-09-01
Planaltina,2024,9,213.53,129.77931,2024-09-01
Cristianópolis,2024,9,102.85,55.033,2024-09-01
Pirenópolis,2024,9,250.06,112.05092,2024-09-01
Goianira,2024,9,219.94,117.97514,2024-09-01
São João da Paraúna,2024,9,10.0,56.14436,2024-09-01
Bonfinópolis,2024,9,40.0,37.245205,2024-09-01
Campestre de Goiás,2024,9,14.5,14.981864,2024-09-01
Água Limpa,2024,9,33.99,7.9735937,2024-09-01
Nova Glória,2024,9,24.0,19.724586,2024-09-01
Pilar de Goiás,2024,9,8.0,36.78897,2024-09-01
Minaçu,2024,9,178.57,190.02098,2024-09-01
Abadia de Goiás,2024,9,112.29,92.41239,2024-09-01
Goiás,2024,9,247.27,111.92382,2024-09-01
Americano do Brasil,2024,9,38.58,21.218222,2024-09-01
Goiatuba,2024,9,199.93,153.22464,2024-09-01
Mimoso de Goiás,2024,9,2.9,15.9665985,2024-09-01
Nova América,2024,9,14.5,15.41158,2024-09-01
São Francisco de Goiás,2024,9,27.5,20.71718,2024-09-01
Pontalina,2024,9,80.0,90.328705,2024-09-01
Niquelândia,2024,9,168.45,707.58545,2024-09-01
Piracanjuba,2024,9,194.34,234.56247,2024-09-01
Gouvelândia,2024,9,45.92,22.397373,2024-09-01
Nova Aurora,2024,9,6.0,11.512339,2024-09-01
São João D'Aliança,2024,9,3.0,82.72632,2024-09-01
Palmeiras de Goiás,2024,9,120.57,205.42926,2024-09-01
Goiânia,2024,9,5195.1,4407.5166,2024-09-01
Aloândia,2024,9,18.0,13.265393,2024-09-01
Goianésia,2024,9,551.35,188.49493,2024-09-01
São Miguel do Araguaia,2024,9,217.99,323.55792,2024-09-01
Três Ranchos,2024,9,32.48,20.626245,2024-09-01
Bonópolis,2024,9,9.87,31.622307,2024-09-01
Goiandira,2024,9,23.76,21.79574,2024-09-01
Nova Iguaçu de Goiás,2024,9,26.0,46.180885,2024-09-01
Alexânia,2024,9,192.85,173.45287,2024-09-01
Crixás,2024,9,68.42,209.13635,2024-09-01
Caldazinha,2024,9,8.0,41.803787,2024-09-01
Taquaral de Goiás,2024,9,34.0,17.935219,2024-09-01
Moiporá,2024,9,7.84,12.749867,2024-09-01
Adelândia,2024,9,35.82,10.115581,2024-09-01
Nova Roma,2024,9,16.0,81.00859,2024-09-01
Turvelândia,2024,9,33.0,52.14008,2024-09-01
Edéia,2024,10,40.53,58.725666,2024-10-01
Perolândia,2024,10,1000.0,32.926994,2024-10-01
Sanclerlândia,2024,10,56.46,36.561893,2024-10-01
Itumbiara,2024,10,1218.5,536.70703,2024-10-01
Cabeceiras,2024,10,40.39,57.572403,2024-10-01
Santa Cruz de Goiás,2024,10,18.0,38.77593,2024-10-01
Cavalcante,2024,10,62.7,23.010391,2024-10-01
Piracanjuba,2024,10,295.77,108.057205,2024-10-01
Buriti de Goiás,2024,10,5.0,19.250338,2024-10-01
Jandaia,2024,10,74.97,36.9554,2024-10-01
Aruanã,2024,10,91.95,80.06236,2024-10-01
Joviânia,2024,10,36.99,37.44998,2024-10-01
Paraúna,2024,10,369.66,101.80718,2024-10-01
Piranhas,2024,10,154.34,69.26451,2024-10-01
Vila Propício,2024,10,76.0,47.849087,2024-10-01
Palmelo,2024,10,60.0,28.446283,2024-10-01
Petrolina de Goiás,2024,10,80.96,34.82832,2024-10-01
Palminópolis,2024,10,14.54,37.3206,2024-10-01
Jataí,2024,10,570.25,429.47202,2024-10-01
Pires do Rio,2024,10,97.72,320.1027,2024-10-01
Alexânia,2024,10,119.36,84.08774,2024-10-01
Aragarças,2024,10,340.0,78.966545,2024-10-01
Jaraguá,2024,10,390.36,130.6691,2024-10-01
Amorinópolis,2024,10,17.5,19.761723,2024-10-01
Catalão,2024,10,1098.8,417.26993,2024-10-01
Vila Boa,2024,10,7.84,35.906387,2024-10-01
Abadia de Goiás,2024,10,176.0,72.98045,2024-10-01
Panamá,2024,10,6.0,37.218277,2024-10-01
Vicentinópolis,2024,10,16.0,38.626976,2024-10-01
Pilar de Goiás,2024,10,16.48,24.18775,2024-10-01
Cachoeira Alta,2024,10,24.48,48.698563,2024-10-01
Paranaiguara,2024,10,3.3,35.32827,2024-10-01
Santa Bárbara de Goiás,2024,10,61.13,26.71268,2024-10-01
Ivolândia,2024,10,44.0,30.267519,2024-10-01
Rubiataba,2024,10,119.38,56.663742,2024-10-01
Jaupaci,2024,10,11.0,19.384798,2024-10-01
Aurilândia,2024,10,21.84,31.62226,2024-10-01
Pirenópolis,2024,10,106.81,122.24568,2024-10-01
Nerópolis,2024,10,362.31,91.3456,2024-10-01
Palmeiras de Goiás,2024,10,288.35,210.22157,2024-10-01
Posse,2024,10,209.59,76.23552,2024-10-01
Caldazinha,2024,10,36.0,39.1937,2024-10-01
Nova Iguaçu de Goiás,2024,10,15.25,23.55062,2024-10-01
Aloândia,2024,10,2.8,21.792526,2024-10-01
Nova Roma,2024,10,34.72,20.434923,2024-10-01
Mossâmedes,2024,10,14.56,35.64403,2024-10-01
Bela Vista de Goiás,2024,10,450.38,160.7751,2024-10-01
Campo Limpo de Goiás,2024,10,99.0,38.87259,2024-10-01
Bonópolis,2024,10,56.0,39.909428,2024-10-01
Morro Agudo de Goiás,2024,10,8.26,11.6058035,2024-10-01
Arenópolis,2024,10,40.0,30.866257,2024-10-01
Morrinhos,2024,10,329.24,240.41939,2024-10-01
Professor Jamil,2024,10,6.0,36.007156,2024-10-01
Nova Veneza,2024,10,42.22,60.760506,2024-10-01
Caldas Novas,2024,10,1181.45,670.21094,2024-10-01
Mozarlândia,2024,10,293.62,154.7179,2024-10-01
Nova Glória,2024,10,75.0,14.99101,2024-10-01
Planaltina,2024,10,303.82,116.33502,2024-10-01
Mundo Novo,2024,10,60.22,41.89247,2024-10-01
Porangatu,2024,10,560.38,197.52437,2024-10-01
Niquelândia,2024,10,282.76,114.3752,2024-10-01
Pontalina,2024,10,170.21,87.8683,2024-10-01
Nova América,2024,10,41.0,7.5848956,2024-10-01
Nazário,2024,10,26.98,80.47295,2024-10-01
Bom Jardim de Goiás,2024,10,89.0,46.795166,2024-10-01
Americano do Brasil,2024,10,16.09,22.469728,2024-10-01
Campos Belos,2024,10,13.44,44.458706,2024-10-01
Mutunópolis,2024,10,29.41,31.870075,2024-10-01
Nova Aurora,2024,10,5.0,16.669355,2024-10-01
Porteirão,2024,10,24.0,29.044094,2024-10-01
Campestre de Goiás,2024,10,40.32,32.805832,2024-10-01
Bonfinópolis,2024,10,24.5,38.880527,2024-10-01
Nova Crixás,2024,10,1164.32,94.65617,2024-10-01
Araguapaz,2024,10,141.16,39.50016,2024-10-01
Campo Alegre de Goiás,2024,10,4.0,103.869,2024-10-01
Campinorte,2024,10,235.3,46.986546,2024-10-01
Buriti Alegre,2024,10,265.66,73.610054,2024-10-01
Acreúna,2024,10,418.28,91.8387,2024-10-01
Quirinópolis,2024,10,594.99,230.25839,2024-10-01
Alvorada do Norte,2024,10,1085.0,38.93726,2024-10-01
Padre Bernardo,2024,10,563.16,98.73989,2024-10-01
Rio Quente,2024,10,40.25,57.64578,2024-10-01
Caçu,2024,10,93.28,63.901558,2024-10-01
Avelinópolis,2024,10,67.0,20.37529,2024-10-01
Barro Alto,2024,10,25.0,195.78325,2024-10-01
Castelândia,2024,10,15.84,19.850912,2024-10-01
Palestina de Goiás,2024,10,27.9,23.791096,2024-10-01
Leopoldo de Bulhões,2024,10,76.0,33.658817,2024-10-01
Cachoeira Dourada,2024,10,28.96,44.52179,2024-10-01
Baliza,2024,10,10.0,27.30526,2024-10-01
Jussara,2024,10,202.77,167.43915,2024-10-01
Castelândia,2024,10,15.84,19.850912,2024-10-01
Cachoeira de Goiás,2024,10,15.0,16.669355,2024-10-01
Rio Verde,2024,10,1560.55,852.1384,2024-10-01
Luziânia,2024,10,687.93,407.88928,2024-10-01
Abadiânia,2024,10,223.7,75.88898,2024-10-01
Ouvidor,2024,10,16.3,168.46852,2024-10-01
Rianápolis,2024,10,68.0,26.64531,2024-10-01
Novo Gama,2024,10,35.04,85.296104,2024-10-01
Campos Verdes,2024,10,6.0,25.688969,2024-10-01
Caldas Novas,2024,10,1181.45,670.21094,2024-10-01
Brazabrantes,2024,10,13.92,27.222534,2024-10-01
Alto Paraíso de Goiás,2024,10,39.0,56.955902,2024-10-01
Mara Rosa,2024,10,83.68,167.9389,2024-10-01
Novo Planalto,2024,10,17.1,29.213474,2024-10-01
Marzagão,2024,10,20.0,20.749111,2024-10-01
Orizona,2024,10,124.99,92.32688,2024-10-01
Alto Horizonte,2024,10,158.2,32.488,2024-10-01
Aporé,2024,10,2.3,30.583532,2024-10-01
Caiapônia,2024,10,45.0,91.16113,2024-10-01
Ouro Verde de Goiás,2024,10,19.04,27.240036,2024-10-01
Aragoiânia,2024,10,131.09,45.537754,2024-10-01
Carmo do Rio Verde,2024,10,44.0,29.239954,2024-10-01
Amaralina,2024,10,7.0,26.232916,2024-10-01
Águas Lindas de Goiás,2024,10,271.78,180.78207,2024-10-01
Britânia,2024,10,81.92,108.862335,2024-10-01
Caturaí,2024,10,49.46,29.26826,2024-10-01
Damolândia,2024,10,4.56,20.094372,2024-10-01
Formosa,2024,10,469.91,227.32388,2024-10-01
Goiânia,2024,10,7085.11,2866.6255,2024-10-01
São João D'Aliança,2024,10,10.08,50.473923,2024-10-01
Davinópolis,2024,10,4.48,21.180077,2024-10-01
Flores de Goiás,2024,10,281.0,31.008072,2024-10-01
Uruana,2024,10,58.0,25.384516,2024-10-01
Cidade Ocidental,2024,10,205.76,121.87518,2024-10-01
Goianira,2024,10,152.68,145.78975,2024-10-01
Diorama,2024,10,22.45,18.49764,2024-10-01
Itaberaí,2024,10,385.28,257.4725,2024-10-01
Senador Canedo,2024,10,935.87,418.28403,2024-10-01
Itajá,2024,10,15.0,31.077143,2024-10-01
Firminópolis,2024,10,78.73,45.490536,2024-10-01
Fazenda Nova,2024,10,14.6,28.853899,2024-10-01
Santo Antônio da Barra,2024,10,4.0,32.695274,2024-10-01
Iaciara,2024,10,80.8,58.491913,2024-10-01
Varjão,2024,10,81.6,30.205042,2024-10-01
Cromínia,2024,10,131.0,26.060621,2024-10-01
Goiás,2024,10,329.19,113.90254,2024-10-01
Serranópolis,2024,10,18.92,56.18555,2024-10-01
Faina,2024,10,102.0,37.419132,2024-10-01
Goiatuba,2024,10,256.22,161.39581,2024-10-01
Corumbá de Goiás,2024,10,49.42,43.106453,2024-10-01
Itaguaru,2024,10,19.0,28.493607,2024-10-01
Santa Isabel,2024,10,8.0,11.559928,2024-10-01
Inaciolândia,2024,10,93.54,30.715878,2024-10-01
Trindade,2024,10,1111.06,330.18066,2024-10-01
Santa Rita do Araguaia,2024,10,77.0,35.53938,2024-10-01
Trombas,2024,10,38.96,18.300774,2024-10-01
Santa Tereza de Goiás,2024,10,19.0,18.034966,2024-10-01
Aparecida de Goiânia,2024,10,3299.37,910.25836,2024-10-01
São Miguel do Passa Quatro,2024,10,33.0,29.595266,2024-10-01
Ipameri,2024,10,563.04,125.49445,2024-10-01
Goiandira,2024,10,46.0,26.952745,2024-10-01
Goianápolis,2024,10,33.48,50.160294,2024-10-01
Turvânia,2024,10,65.0,24.277409,2024-10-01
Ipiranga de Goiás,2024,10,10.0,13.819818,2024-10-01
Goianésia,2024,10,541.8,190.28331,2024-10-01
Crixás,2024,10,111.34,120.5513,2024-10-01
Iporá,2024,10,413.86,121.16418,2024-10-01
Cocalzinho de Goiás,2024,10,1037.85,77.18635,2024-10-01
São Patrício,2024,10,34.0,19.568064,2024-10-01
Santa Terezinha de Goiás,2024,10,43.4,31.404837,2024-10-01
Gameleira de Goiás,2024,10,159.0,30.942366,2024-10-01
Urutaí,2024,10,32.8,55.41149,2024-10-01
São Miguel do Araguaia,2024,10,282.06,91.94069,2024-10-01
Damianópolis,2024,10,10.0,64.43651,2024-10-01
Formoso,2024,10,13.0,76.03083,2024-10-01
Santa Rosa de Goiás,2024,10,4.5,25.09758,2024-10-01
Turvelândia,2024,10,9.4,38.24784,2024-10-01
Córrego do Ouro,2024,10,9.0,13.8708,2024-10-01
Indiara,2024,10,112.73,91.90293,2024-10-01
Araçu,2024,10,24.32,22.23713,2024-10-01
São Simão,2024,10,208.27,76.34108,2024-10-01
Israelândia,2024,10,53.84,14.61449,2024-10-01
Hidrolina,2024,10,31.62,11.5313835,2024-10-01
Água Limpa,2024,10,27.36,16.904177,2024-10-01
Cristalina,2024,10,178.48,213.3921,2024-10-01
Anápolis,2024,10,2319.91,775.61395,2024-10-01
Hidrolândia,2024,10,371.31,114.39998,2024-10-01
Uirapuru,2024,10,5.0,20.40754,2024-10-01
Montes Claros de Goiás,2024,10,65.56,46.805145,2024-10-01
Doverlândia,2024,10,34.08,34.82832,2024-10-01
Guapó,2024,10,86.7,64.532425,2024-10-01
São Domingos,2024,10,55.2,32.307278,2024-10-01
Três Ranchos,2024,10,82.56,25.783249,2024-10-01
Heitoraí,2024,10,14.48,28.212154,2024-10-01
Itapuranga,2024,10,91.82,91.41409,2024-10-01
Santa Fé de Goiás,2024,10,22.0,57.572403,2024-10-01
Taquaral de Goiás,2024,10,39.5,28.681957,2024-10-01
Corumbaíba,2024,10,114.24,101.53982,2024-10-01
Maurilândia,2024,10,43.55,33.658817,2024-10-01
Mineiros,2024,10,221.95,400.28543,2024-10-01
Itarumã,2024,10,6028.48,31.951092,2024-10-01
Minaçu,2024,10,183.28,136.88506,2024-10-01
Aparecida do Rio Doce,2024,10,4.0,26.547457,2024-10-01
Itauçu,2024,10,49.0,28.994156,2024-10-01
Mimoso de Goiás,2024,10,600.0,10.147505,2024-10-01
Guarinos,2024,10,14.82,10.724158,2024-10-01
Uruaçu,2024,10,344.11,167.37015,2024-10-01
Terezópolis de Goiás,2024,10,1052.9,33.41947,2024-10-01
Santo Antônio do Descoberto,2024,10,105.24,70.938225,2024-10-01
Ceres,2024,10,258.46,79.65622,2024-10-01
Anicuns,2024,10,83.55,97.59698,2024-10-01
Santa Helena de Goiás,2024,10,363.01,174.69136,2024-10-01
Vianópolis,2024,10,195.4,83.61472,2024-10-01
Santo Antônio de Goiás,2024,10,60.84,43.64309,2024-10-01
Chapadão do Céu,2024,10,100.46,62.872425,2024-10-01
Estrela do Norte,2024,10,15.0,27.564528,2024-10-01
São Francisco de Goiás,2024,10,9.48,29.915472,2024-10-01
Água Fria de Goiás,2024,10,26.74,76.77227,2024-10-01
Itapaci,2024,10,94.67,272.32922,2024-10-01
Edealina,2024,10,106.64,117.953735,2024-10-01
Montividiu,2024,10,221.97,158.08733,2024-10-01
Gouvelândia,2024,10,75.35,27.554375,2024-10-01
Cocalzinho de Goiás,2024,10,1037.85,77.18635,2024-10-01
Itapirapuã,2024,10,61.0,36.707012,2024-10-01
Cezarina,2024,10,86.35,67.090546,2024-10-01
Silvânia,2024,10,244.54,96.26105,2024-10-01
Crixás,2024,11,145.0,147.92464,2024-11-01
Americano do Brasil,2024,11,69.92,30.889385,2024-11-01
Aparecida do Rio Doce,2024,11,10.0,36.213825,2024-11-01
Goiatuba,2024,11,236.83,181.32861,2024-11-01
Uruaçu,2024,11,342.29,217.87952,2024-11-01
São Francisco de Goiás,2024,11,20.0,37.91924,2024-11-01
Bonópolis,2024,11,3.99,47.610355,2024-11-01
Goiânia,2024,11,7455.77,5331.205,2024-11-01
Uirapuru,2024,11,10.0,21.110804,2024-11-01
Campestre de Goiás,2024,11,10.5,38.479202,2024-11-01
Goiandira,2024,11,105.58,32.5337,2024-11-01
Cristalina,2024,11,108.3,367.85114,2024-11-01
Nova Veneza,2024,11,28.0,101.85846,2024-11-01
Planaltina,2024,11,2213.22,160.99475,2024-11-01
Nova América,2024,11,10.56,11.489449,2024-11-01
Goianira,2024,11,358.53,153.6083,2024-11-01
Cromínia,2024,11,11.0,32.982414,2024-11-01
Campinorte,2024,11,84.34,49.154774,2024-11-01
Goianésia,2024,11,1423.93,236.19818,2024-11-01
Aloândia,2024,11,3005.0,27.87006,2024-11-01
Gouvelândia,2024,11,31.72,33.690247,2024-11-01
São João da Paraúna,2024,11,10.56,50.83196,2024-11-01
Nerópolis,2024,11,72.86,120.64833,2024-11-01
Nova Crixás,2024,11,78.4,138.12897,2024-11-01
Adelândia,2024,11,17.84,19.581055,2024-11-01
Guapó,2024,11,108.74,105.611725,2024-11-01
São Miguel do Araguaia,2024,11,237.88,109.81215,2024-11-01
Caldazinha,2024,11,11.0,54.60002,2024-11-01
Nova Iguaçu de Goiás,2024,11,36.68,24.008915,2024-11-01
Goiás,2024,11,166.0,114.36267,2024-11-01
São Domingos,2024,11,2.25,34.033825,2024-11-01
Nazário,2024,11,31.0,239.10165,2024-11-01
Bom Jardim de Goiás,2024,11,35.92,57.394753,2024-11-01
Cristianópolis,2024,11,93.22,39.955406,2024-11-01
Nova Glória,2024,11,30.13,19.028831,2024-11-01
Porangatu,2024,11,527.08,205.88939,2024-11-01
Turvelândia,2024,11,18.0,49.1656,2024-11-01
Niquelândia,2024,11,214.92,164.1068,2024-11-01
Corumbaíba,2024,11,33.0,110.52669,2024-11-01
Bonfinópolis,2024,11,52.12,71.60257,2024-11-01
Água Limpa,2024,11,3.0,22.467562,2024-11-01
Ceres,2024,11,184.9,116.73092,2024-11-01
São Miguel do Passa Quatro,2024,11,36.0,70.741005,2024-11-01
Cabeceiras,2024,11,1000.0,63.54872,2024-11-01
Silvânia,2024,11,63.8,137.54031,2024-11-01
Pires do Rio,2024,11,902.86,607.57556,2024-11-01
Montividiu,2024,11,10.0,120.01615,2024-11-01
Edealina,2024,11,25.0,137.01976,2024-11-01
Panamá,2024,11,1017.6,40.897614,2024-11-01
Cachoeira Alta,2024,11,23.4,217.06493,2024-11-01
Paranaiguara,2024,11,17.88,45.44214,2024-11-01
Estrela do Norte,2024,11,13.98,34.65327,2024-11-01
Palmelo,2024,11,4.4,34.94778,2024-11-01
Edéia,2024,11,59.91,72.31555,2024-11-01
Trindade,2024,11,768.15,775.5888,2024-11-01
Faina,2024,11,12.98,41.41928,2024-11-01
Aruanã,2024,11,211.14,295.80176,2024-11-01
Serranópolis,2024,11,36.25,58.04172,2024-11-01
Buriti Alegre,2024,11,28.27,91.92033,2024-11-01
Palminópolis,2024,11,18.72,45.8494,2024-11-01
Palmeiras de Goiás,2024,11,203.73,229.73654,2024-11-01
Matrinchã,2024,11,1005.0,57.494595,2024-11-01
Buriti de Goiás,2024,11,131.0,21.453836,2024-11-01
Abadia de Goiás,2024,11,301.57,154.51982,2024-11-01
Piranhas,2024,11,29.78,105.14446,2024-11-01
Terezópolis de Goiás,2024,11,110.0,33.482723,2024-11-01
Buritinópolis,2024,11,3.0,13.634922,2024-11-01
Minaçu,2024,11,216.27,129.02602,2024-11-01
Piracanjuba,2024,11,144.69,134.14618,2024-11-01
Mineiros,2024,11,445.76,525.08984,2024-11-01
Paraúna,2024,11,60.72,246.12401,2024-11-01
Maurilândia,2024,11,117.3,43.09386,2024-11-01
Taquaral de Goiás,2024,11,21.8,31.979958,2024-11-01
Petrolina de Goiás,2024,11,36.24,44.263367,2024-11-01
Três Ranchos,2024,11,110.2,31.3642,2024-11-01
Pirenópolis,2024,11,116.25,117.81856,2024-11-01
Sítio D'Abadia,2024,11,75.0,45.416946,2024-11-01
Montes Claros de Goiás,2024,11,98.69,87.12207,2024-11-01
Anicuns,2024,11,74.48,107.24943,2024-11-01
Alexânia,2024,11,58.76,197.84837,2024-11-01
Caldas Novas,2024,11,1284.18,871.5049,2024-11-01
Baliza,2024,11,8.0,29.914118,2024-11-01
Fazenda Nova,2024,11,74.88,36.330616,2024-11-01
São Simão,2024,11,279.52,80.59479,2024-11-01
Alto Horizonte,2024,11,149.01,38.570217,2024-11-01
Santo Antônio do Descoberto,2024,11,222.3,110.7894,2024-11-01
Orizona,2024,11,102.0,133.60617,2024-11-01
Gameleira de Goiás,2024,11,56.5,33.60486,2024-11-01
Novo Planalto,2024,11,45.08,28.919622,2024-11-01
Alto Paraíso de Goiás,2024,11,6.0,63.713543,2024-11-01
Caiapônia,2024,11,7.42,97.77277,2024-11-01
São Patrício,2024,11,19.0,24.786715,2024-11-01
Turvânia,2024,11,56.5,33.228523,2024-11-01
Caldas Novas,2024,11,1284.18,871.5049,2024-11-01
Goianápolis,2024,11,38.82,59.286144,2024-11-01
Novo Gama,2024,11,136.3,107.6283,2024-11-01
Aparecida de Goiânia,2024,11,2439.92,2423.2805,2024-11-01
Novo Brasil,2024,11,18.2,17.98799,2024-11-01
Acreúna,2024,11,406.43,207.53076,2024-11-01
Brazabrantes,2024,11,33.0,28.545906,2024-11-01
Cachoeira de Goiás,2024,11,40.0,21.275162,2024-11-01
Ouro Verde de Goiás,2024,11,8.0,30.418682,2024-11-01
Trombas,2024,11,10.0,16.58771,2024-11-01
Doverlândia,2024,11,34.06,44.263367,2024-11-01
Cachoeira Dourada,2024,11,64.91,51.70514,2024-11-01
Firminópolis,2024,11,81.22,55.850365,2024-11-01
Palestina de Goiás,2024,11,3.0,13.337588,2024-11-01
Avelinópolis,2024,11,14.0,25.593939,2024-11-01
Senador Canedo,2024,11,652.39,495.975,2024-11-01
Diorama,2024,11,36.0,24.444288,2024-11-01
Formoso,2024,11,10.0,30.321928,2024-11-01
Caçu,2024,11,31.0,67.18679,2024-11-01
Padre Bernardo,2024,11,184.2,140.0192,2024-11-01
Alvorada do Norte,2024,11,77.0,45.50013,2024-11-01
Davinópolis,2024,11,5.13,25.581099,2024-11-01
Formosa,2024,11,381.59,303.1958,2024-11-01
Ouvidor,2024,11,21.76,280.7293,2024-11-01
Britânia,2024,11,42.16,211.0134,2024-11-01
Amaralina,2024,11,25.0,32.403778,2024-11-01
Flores de Goiás,2024,11,7.23,37.954136,2024-11-01
Araguapaz,2024,11,111.59,38.597927,2024-11-01
Pontalina,2024,11,189.0,104.30102,2024-11-01
Campos Verdes,2024,11,49.0,25.186066,2024-11-01
Amorinópolis,2024,11,12.98,27.637487,2024-11-01
Itapirapuã,2024,11,79.1,42.573296,2024-11-01
Inaciolândia,2024,11,36.25,36.311417,2024-11-01
Sanclerlândia,2024,11,82.0,45.996937,2024-11-01
Cezarina,2024,11,51.1,84.83233,2024-11-01
Jesúpolis,2024,11,13.0,19.116877,2024-11-01
Iporá,2024,11,242.39,199.50275,2024-11-01
Uruana,2024,11,38.0,26.527807,2024-11-01
Santo Antônio da Barra,2024,11,100.0,45.85723,2024-11-01
Marzagão,2024,11,13.0,23.882442,2024-11-01
Campos Belos,2024,11,126.84,66.69832,2024-11-01
Vianópolis,2024,11,61.64,173.30827,2024-11-01
Varjão,2024,11,22.0,60.88288,2024-11-01
Jandaia,2024,11,42.55,69.09407,2024-11-01
Urutaí,2024,11,70.0,55.587543,2024-11-01
Aporé,2024,11,14.25,35.192017,2024-11-01
Iaciara,2024,11,40.0,85.714745,2024-11-01
Caturaí,2024,11,63.0,35.82363,2024-11-01
Santa Helena de Goiás,2024,11,380.17,212.97128,2024-11-01
Luziânia,2024,11,556.9,840.42834,2024-11-01
Abadiânia,2024,11,118.66,107.83007,2024-11-01
Rianápolis,2024,11,762.0,16.516958,2024-11-01
Itajá,2024,11,38.99,35.362534,2024-11-01
Quirinópolis,2024,11,453.21,256.37952,2024-11-01
Vila Boa,2024,11,14.0,45.63219,2024-11-01
Rubiataba,2024,11,162.16,92.89429,2024-11-01
Mairipotaba,2024,11,27.0,35.74972,2024-11-01
Santa Isabel,2024,11,62.0,-2.2135344,2024-11-01
Catalão,2024,11,620.81,678.048,2024-11-01
Águas Lindas de Goiás,2024,11,959.53,262.9494,2024-11-01
Santa Tereza de Goiás,2024,11,10.0,28.993433,2024-11-01
Ipameri,2024,11,826.07,160.7662,2024-11-01
Chapadão do Céu,2024,11,31.03,77.918365,2024-11-01
Aragoiânia,2024,11,721.4,99.96819,2024-11-01
Santa Terezinha de Goiás,2024,11,126.0,38.280678,2024-11-01
Jataí,2024,11,5452.9,627.4934,2024-11-01
Carmo do Rio Verde,2024,11,72.0,20.394516,2024-11-01
Mara Rosa,2024,11,84.93,181.27182,2024-11-01
Itapaci,2024,11,68.35,134.51932,2024-11-01
Córrego do Ouro,2024,11,29.34,22.043306,2024-11-01
Indiara,2024,11,30.48,114.791016,2024-11-01
Jaupaci,2024,11,6.0,22.316296,2024-11-01
Jussara,2024,11,2596.56,163.8893,2024-11-01
Ipiranga de Goiás,2024,11,64.0,10.755679,2024-11-01
Jaraguá,2024,11,762.5,162.15784,2024-11-01
Vila Propício,2024,11,13.5,72.852554,2024-11-01
Corumbá de Goiás,2024,11,484.65,51.490273,2024-11-01
Morrinhos,2024,11,199.26,275.1026,2024-11-01
Itaguaru,2024,11,23.5,31.83984,2024-11-01
Mossâmedes,2024,11,20.7,40.56999,2024-11-01
Rio Verde,2024,11,1902.16,772.0266,2024-11-01
Itauçu,2024,11,41.16,33.45572,2024-11-01
Itarumã,2024,11,4.06,41.355194,2024-11-01
Vicentinópolis,2024,11,30.36,48.37973,2024-11-01
Anápolis,2024,11,2006.54,1180.2616,2024-11-01
Hidrolândia,2024,11,155.12,140.35101,2024-11-01
Posse,2024,11,97.67,88.949196,2024-11-01
Portelândia,2024,11,6.0,42.152378,2024-11-01
Hidrolina,2024,11,28.0,16.964916,2024-11-01
Mozarlândia,2024,11,216.75,157.24171,2024-11-01
Barro Alto,2024,11,19.36,71.8804,2024-11-01
Itaberaí,2024,11,330.44,375.53506,2024-11-01
Aragarças,2024,11,129.22,71.96934,2024-11-01
Leopoldo de Bulhões,2024,11,64.96,43.09386,2024-11-01
Castelândia,2024,11,51.0,24.54854,2024-11-01
Castelândia,2024,11,51.0,24.54854,2024-11-01
Heitoraí,2024,11,20.0,34.405952,2024-11-01
Araçu,2024,11,40.36,20.646166,2024-11-01
Itumbiara,2024,11,661.36,808.78864,2024-11-01
Itaguari,2024,11,82.25,30.999985,2024-11-01
Santa Cruz de Goiás,2024,11,30.0,44.40898,2024-11-01
Joviânia,2024,11,26.0,66.23576,2024-11-01
Rio Quente,2024,11,4.5,93.14832,2024-11-01
Campo Limpo de Goiás,2024,11,18.68,101.31244,2024-11-01
Santa Bárbara de Goiás,2024,11,59.57,34.935814,2024-11-01
Guarinos,2024,11,8.0,16.15769,2024-11-01
Mundo Novo,2024,11,13.98,50.293987,2024-11-01
Israelândia,2024,11,13.0,22.786999,2024-11-01
Santa Rita do Araguaia,2024,11,10.0,44.40898,2024-11-01
Itapuranga,2024,11,239.43,219.1537,2024-11-01
Bela Vista de Goiás,2024,11,135.42,307.07138,2024-11-01
Santa Fé de Goiás,2024,11,79.12,63.54872,2024-11-01
Cidade Ocidental,2024,11,666.79,168.52579,2024-11-01
Santo Antônio de Goiás,2024,11,66.24,51.44313,2024-11-01
Rubiataba,2024,12,127.36,204.828,2024-12-01
Alvorada do Norte,2024,12,51.56,52.400784,2024-12-01
Jaupaci,2024,12,20.95,15.972914,2024-12-01
Padre Bernardo,2024,12,3263.0,229.24146,2024-12-01
Buriti Alegre,2024,12,5071.02,108.88534,2024-12-01
Aruanã,2024,12,75.82,179.46472,2024-12-01
Castelândia,2024,12,34.0,17.582281,2024-12-01
Jussara,2024,12,390.4,199.8762,2024-12-01
Rio Verde,2024,12,6490.05,857.5508,2024-12-01
Catalão,2024,12,644.92,660.19635,2024-12-01
Varjão,2024,12,10.0,38.783478,2024-12-01
Fazenda Nova,2024,12,38.0,30.72613,2024-12-01
Palestina de Goiás,2024,12,3.0,11.985212,2024-12-01
Avelinópolis,2024,12,95.0,19.98946,2024-12-01
Vila Propício,2024,12,72.97,50.906246,2024-12-01
Itaguari,2024,12,24.0,28.195704,2024-12-01
Firminópolis,2024,12,91.52,100.64148,2024-12-01
Divinópolis de Goiás,2024,12,25.0,29.221052,2024-12-01
Cidade Ocidental,2024,12,146.88,135.42346,2024-12-01
Doverlândia,2024,12,99.3,65.94413,2024-12-01
Joviânia,2024,12,72.87,49.77329,2024-12-01
Cachoeira Dourada,2024,12,95.93,47.358406,2024-12-01
Caçu,2024,12,187.5,66.5312,2024-12-01
Diorama,2024,12,21.0,11.794371,2024-12-01
Jesúpolis,2024,12,5.0,17.24725,2024-12-01
Senador Canedo,2024,12,938.72,510.60825,2024-12-01
Itaguaru,2024,12,38.66,31.53856,2024-12-01
Baliza,2024,12,13.17,41.27712,2024-12-01
Palmeiras de Goiás,2024,12,236.88,187.30133,2024-12-01
Serranópolis,2024,12,41.16,55.881893,2024-12-01
Flores de Goiás,2024,12,74.09,35.392628,2024-12-01
Santo Antônio do Descoberto,2024,12,1110.05,170.59581,2024-12-01
Trindade,2024,12,933.89,662.57184,2024-12-01
Santa Helena de Goiás,2024,12,493.92,193.17844,2024-12-01
Taquaral de Goiás,2024,12,11.0,26.37548,2024-12-01
Ivolândia,2024,12,18.0,42.2293,2024-12-01
Pirenópolis,2024,12,183.9,207.84879,2024-12-01
Santa Bárbara de Goiás,2024,12,56.22,26.835491,2024-12-01
Petrolina de Goiás,2024,12,25.0,65.94413,2024-12-01
Itapuranga,2024,12,3352.19,143.2851,2024-12-01
Três Ranchos,2024,12,3.99,29.203411,2024-12-01
Santa Fé de Goiás,2024,12,50.12,59.849033,2024-12-01
Alexânia,2024,12,94.49,191.21649,2024-12-01
Moiporá,2024,12,3.0,45.012276,2024-12-01
Maurilândia,2024,12,77.34,64.77462,2024-12-01
Itarumã,2024,12,119.56,39.411335,2024-12-01
Aurilândia,2024,12,18.85,39.87476,2024-12-01
Pilar de Goiás,2024,12,76.0,106.74295,2024-12-01
Vicentinópolis,2024,12,58.38,84.88669,2024-12-01
Mineiros,2024,12,336.23,438.40674,2024-12-01
Piracanjuba,2024,12,311.55,126.24058,2024-12-01
Aragarças,2024,12,169.39,199.35388,2024-12-01
Itauçu,2024,12,55.56,27.689621,2024-12-01
Minaçu,2024,12,276.97,119.60385,2024-12-01
Buritinópolis,2024,12,20.0,68.5885,2024-12-01
Terezópolis de Goiás,2024,12,10.8,25.508007,2024-12-01
Itumbiara,2024,12,871.37,678.9401,2024-12-01
Piranhas,2024,12,95.74,246.85924,2024-12-01
Santa Cruz de Goiás,2024,12,11.25,40.726757,2024-12-01
Cavalcante,2024,12,10.0,28.967709,2024-12-01
Monte Alegre de Goiás,2024,12,30.0,24.897236,2024-12-01
Vila Boa,2024,12,13.0,45.448544,2024-12-01
Montes Claros de Goiás,2024,12,81.75,80.94513,2024-12-01
Caturaí,2024,12,8.0,30.219147,2024-12-01
Faina,2024,12,8.0,48.186577,2024-12-01
Santa Isabel,2024,12,34.0,1.6992918,2024-12-01
Edéia,2024,12,23.0,65.38668,2024-12-01
Chapadão do Céu,2024,12,110.32,109.9418,2024-12-01
Palminópolis,2024,12,55.48,55.643246,2024-12-01
Itapaci,2024,12,80.87,364.8367,2024-12-01
Estrela do Norte,2024,12,3031.52,41.33103,2024-12-01
Água Fria de Goiás,2024,12,26.75,256.71713,2024-12-01
Jataí,2024,12,813.36,671.9447,2024-12-01
Cachoeira Alta,2024,12,162.5,51.283203,2024-12-01
Edealina,2024,12,127.3,169.76181,2024-12-01
Panamá,2024,12,12.56,40.3097,2024-12-01
Itapirapuã,2024,12,81.25,41.280437,2024-12-01
Jaraguá,2024,12,426.18,240.76735,2024-12-01
Sanclerlândia,2024,12,57.24,67.6777,2024-12-01
Amorinópolis,2024,12,15.84,18.809175,2024-12-01
Montividiu,2024,12,263.67,257.5439,2024-12-01
Silvânia,2024,12,471.25,253.46849,2024-12-01
Cabeceiras,2024,12,1003.0,59.849033,2024-12-01
Pires do Rio,2024,12,311.32,227.14784,2024-12-01
Paranaiguara,2024,12,80.5,43.49828,2024-12-01
Cezarina,2024,12,51.9,116.52325,2024-12-01
Matrinchã,2024,12,213.16,64.2619,2024-12-01
Vianópolis,2024,12,106.7,241.5397,2024-12-01
Paraúna,2024,12,146.36,250.42563,2024-12-01
Buriti de Goiás,2024,12,73.84,15.687745,2024-12-01
Jandaia,2024,12,106.0,66.686516,2024-12-01
Anicuns,2024,12,220.72,228.61615,2024-12-01
Davinópolis,2024,12,8.0,24.761395,2024-12-01
Damolândia,2024,12,8.7,25.48614,2024-12-01
Itaberaí,2024,12,452.32,419.04025,2024-12-01
Nova América,2024,12,8.0,13.806882,2024-12-01
Hidrolina,2024,12,44.0,20.801035,2024-12-01
Gouvelândia,2024,12,13.56,31.529459,2024-12-01
Corumbá de Goiás,2024,12,53.5,79.36874,2024-12-01
Goiatuba,2024,12,204.5,177.03436,2024-12-01
Iaciara,2024,12,9173.69,46.67748,2024-12-01
Americano do Brasil,2024,12,187.57,28.381939,2024-12-01
Nova Aurora,2024,12,2515.5,19.114382,2024-12-01
Morrinhos,2024,12,3335.94,262.45093,2024-12-01
Nova Crixás,2024,12,156.44,269.76404,2024-12-01
Professor Jamil,2024,12,54.0,39.71902,2024-12-01
Água Limpa,2024,12,11.0,16.863087,2024-12-01
Bonfinópolis,2024,12,52.16,62.36483,2024-12-01
Campos Belos,2024,12,83.0,129.67567,2024-12-01
Goiás,2024,12,286.37,207.49643,2024-12-01
São João da Paraúna,2024,12,23.13,62.670834,2024-12-01
Cristianópolis,2024,12,68.0,39.71902,2024-12-01
Uruana,2024,12,20.0,27.04625,2024-12-01
Santo Antônio da Barra,2024,12,50.0,35.58097,2024-12-01
Goianira,2024,12,347.15,180.46962,2024-12-01
Inaciolândia,2024,12,205.95,36.96701,2024-12-01
Planaltina,2024,12,1284.26,107.544334,2024-12-01
Campestre de Goiás,2024,12,10.0,32.874714,2024-12-01
Nova Glória,2024,12,44.0,22.789356,2024-12-01
São João D'Aliança,2024,12,9.3,59.53487,2024-12-01
Marzagão,2024,12,10.0,22.370613,2024-12-01
Quirinópolis,2024,12,574.56,236.86903,2024-12-01
Goiânia,2024,12,7286.05999999999,7304.999,2024-12-01
Campos Verdes,2024,12,20.0,75.39147,2024-12-01
Pontalina,2024,12,377.86,258.9207,2024-12-01
Adelândia,2024,12,20.0,12.236387,2024-12-01
Ceres,2024,12,290.3,107.09507,2024-12-01
Campo Limpo de Goiás,2024,12,50.0,159.41711,2024-12-01
Guarinos,2024,12,14.0,19.993809,2024-12-01
Campo Alegre de Goiás,2024,12,65.0,285.3441,2024-12-01
Uruaçu,2024,12,884.79,219.16438,2024-12-01
Mundo Novo,2024,12,16.08,67.79984,2024-12-01
Porteirão,2024,12,58.96,34.262157,2024-12-01
Mutunópolis,2024,12,12.64,44.120884,2024-12-01
Portelândia,2024,12,14.0,40.999073,2024-12-01
Guarani de Goiás,2024,12,5.0,48.103256,2024-12-01
Campinorte,2024,12,145.43,48.7976,2024-12-01
Corumbaíba,2024,12,48.06,102.69056,2024-12-01
Heitoraí,2024,12,10.5,28.801464,2024-12-01
Nazário,2024,12,34.26,204.72601,2024-12-01
Bom Jardim de Goiás,2024,12,100.32,91.93216,2024-12-01
Hidrolândia,2024,12,1268.77,212.40767,2024-12-01
Guaraíta,2024,12,39.3,19.98946,2024-12-01
São Domingos,2024,12,36.0,38.503784,2024-12-01
Mozarlândia,2024,12,123.56,135.08145,2024-12-01
Posse,2024,12,189.45,78.880806,2024-12-01
Uirapuru,2024,12,60.0,25.525537,2024-12-01
Anápolis,2024,12,2333.87,1152.2535,2024-12-01
Porangatu,2024,12,557.19,192.6714,2024-12-01
Nerópolis,2024,12,114.3,151.23164,2024-12-01
Mossâmedes,2024,12,118.34,37.496254,2024-12-01
Guapó,2024,12,1130.33,216.682,2024-12-01
Niquelândia,2024,12,269.09,195.5373,2024-12-01
Santo Antônio de Goiás,2024,12,60.45,37.201153,2024-12-01
Campinaçu,2024,12,4.4,26.743448,2024-12-01
São Francisco de Goiás,2024,12,27.05,31.684687,2024-12-01
Bela Vista de Goiás,2024,12,403.93,231.53159,2024-12-01
Cristalina,2024,12,146.7,502.8874,2024-12-01
Nova Iguaçu de Goiás,2024,12,33.7,27.585623,2024-12-01
São Miguel do Araguaia,2024,12,2704.72,95.99962,2024-12-01
Indiara,2024,12,84.04,193.03171,2024-12-01
Turvânia,2024,12,46.0,24.400213,2024-12-01
São Patrício,2024,12,40.0,19.182238,2024-12-01
Abadiânia,2024,12,173.45,234.12381,2024-12-01
Urutaí,2024,12,213.6,73.5055,2024-12-01
Alto Paraíso de Goiás,2024,12,85.98,63.200558,2024-12-01
Novo Planalto,2024,12,2554.06,50.646698,2024-12-01
Castelândia,2024,12,34.0,17.582281,2024-12-01
Damianópolis,2024,12,37.0,21.948172,2024-12-01
Orizona,2024,12,164.07,250.27171,2024-12-01
Luziânia,2024,12,916.81,916.93024,2024-12-01
Rio Quente,2024,12,19.56,212.1275,2024-12-01
Gameleira de Goiás,2024,12,36.22,58.670128,2024-12-01
São Simão,2024,12,205.31,77.93201,2024-12-01
Araguapaz,2024,12,166.28,48.73882,2024-12-01
Santa Rita do Novo Destino,2024,12,300.0,26.70047,2024-12-01
Araçu,2024,12,11.16,12.039429,2024-12-01
Cocalzinho de Goiás,2024,12,104.49,250.31532,2024-12-01
Israelândia,2024,12,17.0,15.997473,2024-12-01
Caiapônia,2024,12,64.75,132.4526,2024-12-01
Alto Horizonte,2024,12,45.03,32.96573,2024-12-01
Ouro Verde de Goiás,2024,12,51.04,21.756802,2024-12-01
Barro Alto,2024,12,23.29,254.0333,2024-12-01
Formoso,2024,12,68.7,36.48831,2024-12-01
Britânia,2024,12,3.0,142.99199,2024-12-01
Leopoldo de Bulhões,2024,12,3105.52,64.77462,2024-12-01
Trombas,2024,12,18.0,22.513594,2024-12-01
Amaralina,2024,12,25.0,38.029007,2024-12-01
Ouvidor,2024,12,3074.9,295.48828,2024-12-01
Santa Rita do Araguaia,2024,12,42.97,40.34583,2024-12-01
Brazabrantes,2024,12,129.75,21.201239,2024-12-01
Iporá,2024,12,385.82,166.41818,2024-12-01
Caldas Novas,2024,12,2224.8,871.5049,2024-12-01
Rianápolis,2024,12,58.98,21.58555,2024-12-01
Caldazinha,2024,12,8.0,36.845562,2024-12-01
Córrego do Ouro,2024,12,15.75,18.601204,2024-12-01
Turvelândia,2024,12,21.75,75.407,2024-12-01
Crixás,2024,12,90.04,149.9648,2024-12-01
Mara Rosa,2024,12,224.78,194.92786,2024-12-01
Aloândia,2024,12,6.0,24.18784,2024-12-01
Mambaí,2024,12,27.0,70.25469,2024-12-01
Santa Terezinha de Goiás,2024,12,55.23,36.117645,2024-12-01
Bonópolis,2024,12,16.49,65.11621,2024-12-01
Ipameri,2024,12,227.09,161.35779,2024-12-01
Goianésia,2024,12,1769.81,225.42549,2024-12-01
Arenópolis,2024,12,31.3,39.62431,2024-12-01
Águas Lindas de Goiás,2024,12,447.21,288.18036,2024-12-01
Nova Veneza,2024,12,222.12,221.66432,2024-12-01
Formosa,2024,12,493.01,322.99866,2024-12-01
Goiandira,2024,12,121.4,30.372915,2024-12-01
Cromínia,2024,12,12.98,27.377935,2024-12-01
Cocalzinho de Goiás,2024,12,104.49,250.31532,2024-12-01
Mairipotaba,2024,12,52.0,35.513332,2024-12-01
Caldas Novas,2024,12,2224.8,871.5049,2024-12-01
São Miguel do Passa Quatro,2024,12,20.75,61.896152,2024-12-01
Santa Tereza de Goiás,2024,12,13.0,22.585789,2024-12-01
Acreúna,2024,12,326.58,248.74252,2024-12-01
Novo Brasil,2024,12,30.0,17.38241,2024-12-01
Carmo do Rio Verde,2024,12,61.75,24.735119,2024-12-01
Aparecida de Goiânia,2024,12,2717.98,1332.8704,2024-12-01
Novo Gama,2024,12,132.03,164.98268,2024-12-01
Ipiranga de Goiás,2024,12,42.98,8.46868,2024-12-01
Aragoiânia,2024,12,744.1,102.576706,2024-12-01
Goianápolis,2024,12,15.0,164.11046,2024-12-01
Aporé,2024,12,5.0,35.192017,2024-12-01
Abadia de Goiás,2024,12,168.9,214.06319,2024-12-01
