Cidade,Ano,Mês,y_true,yhat_mlp,data_ref
Jussara,2024,4,6234.26,4162.496,2024-04-01
Rio Verde,2024,4,48538.479999999996,35278.977,2024-04-01
Arenópolis,2024,4,601.95,647.62366,2024-04-01
Sanclerlândia,2024,4,2705.5,973.07153,2024-04-01
Avelinópolis,2024,4,280.12,813.6102,2024-04-01
Urutaí,2024,4,2692.25,-697.3684,2024-04-01
Abadiânia,2024,4,3175.58,1089.1555,2024-04-01
Formosa,2024,4,10384.42,3356.1465,2024-04-01
São João da Paraúna,2024,4,454.27,939.88116,2024-04-01
Palmeiras de Goiás,2024,4,9556.57,2779.9768,2024-04-01
Flores de Goiás,2024,4,753.44,864.4014,2024-04-01
Palmelo,2024,4,547.87,-694.3886,2024-04-01
Cavalcante,2024,4,147.51,477.04605,2024-04-01
Aurilândia,2024,4,451.08,1127.0734,2024-04-01
Aparecida de Goiânia,2024,4,55370.06,20601.297,2024-04-01
Lagoa Santa,2024,4,313.03,229.8236,2024-04-01
Santa Helena de Goiás,2024,4,6439.83,2951.705,2024-04-01
Cachoeira Alta,2024,4,1694.64,-451.39932,2024-04-01
Crixás,2024,4,1899.47,5173.243,2024-04-01
Santo Antônio de Goiás,2024,4,2540.57,1175.08,2024-04-01
Cocalzinho de Goiás,2024,4,2987.22,1519.8597,2024-04-01
Mossâmedes,2024,4,1020.23,554.4503,2024-04-01
Itumbiara,2024,4,30071.530000000002,31069.338,2024-04-01
Terezópolis de Goiás,2024,4,623.95,593.2216,2024-04-01
Pontalina,2024,4,5892.96,796.3815,2024-04-01
Aporé,2024,4,435.39,791.2677,2024-04-01
Caldas Novas,2024,4,64062.22,44538.484,2024-04-01
Itaguaru,2024,4,842.34,780.4795,2024-04-01
Alvorada do Norte,2024,4,619.6,1149.5625,2024-04-01
Itaguari,2024,4,1106.34,1265.4698,2024-04-01
Caldas Novas,2024,4,63270.72,44538.484,2024-04-01
Mozarlândia,2024,4,3575.7799999999997,6169.83,2024-04-01
Itaberaí,2024,4,11533.98,3627.1992,2024-04-01
Campinaçu,2024,4,316.32,37.93138,2024-04-01
Serranópolis,2024,4,964.86,895.5356,2024-04-01
Brazabrantes,2024,4,693.2,467.56943,2024-04-01
Campinorte,2024,4,1993.42,1839.6431,2024-04-01
São Francisco de Goiás,2024,4,871.72,838.3564,2024-04-01
Trindade,2024,4,16250.1,7820.4688,2024-04-01
Israelândia,2024,4,742.32,517.71313,2024-04-01
Mutunópolis,2024,4,479.27,1094.433,2024-04-01
Nova Iguaçu de Goiás,2024,4,516.28,1076.7494,2024-04-01
Alexânia,2024,4,3593.2400000000002,1288.553,2024-04-01
Nazário,2024,4,1627.98,1482.7607,2024-04-01
Iporá,2024,4,6644.88,3166.4783,2024-04-01
Amaralina,2024,4,250.5,1148.578,2024-04-01
Ivolândia,2024,4,586.34,1100.6,2024-04-01
Mundo Novo,2024,4,817.83,943.62866,2024-04-01
Quirinópolis,2024,4,10825.24,3902.9846,2024-04-01
Porangatu,2024,4,11942.17,6040.526,2024-04-01
Morro Agudo de Goiás,2024,4,264.16,1024.4886,2024-04-01
Itauçu,2024,4,1163.52,228.08282,2024-04-01
Moiporá,2024,4,332.52,1398.889,2024-04-01
Itarumã,2024,4,1751.23,885.2948,2024-04-01
Sítio D'Abadia,2024,4,173.12,1113.434,2024-04-01
Montes Claros de Goiás,2024,4,2107.01,2397.6082,2024-04-01
Buriti Alegre,2024,4,2683.5299999999997,523.30646,2024-04-01
Buriti de Goiás,2024,4,777.35,457.31924,2024-04-01
Caldazinha,2024,4,748.09,1054.5114,2024-04-01
Montividiu,2024,4,3435.75,1807.5831,2024-04-01
São Simão,2024,4,3711.25,1699.4537,2024-04-01
Taquaral de Goiás,2024,4,673.3000000000001,736.9386,2024-04-01
Aloândia,2024,4,521.16,-552.0575,2024-04-01
Britânia,2024,4,3139.0,4100.9497,2024-04-01
Itapuranga,2024,4,4722.45,2059.7478,2024-04-01
Silvânia,2024,4,6401.41,2959.8533,2024-04-01
Teresina de Goiás,2024,4,251.84,883.7865,2024-04-01
Itapirapuã,2024,4,1591.67,1073.9437,2024-04-01
Cristalina,2024,4,9925.7,5143.4067,2024-04-01
Posse,2024,4,2692.55,1328.2302,2024-04-01
Mineiros,2024,4,23903.24,4799.1465,2024-04-01
Professor Jamil,2024,4,797.44,-463.5052,2024-04-01
Morrinhos,2024,4,12038.05,2994.7903,2024-04-01
Campestre de Goiás,2024,4,947.8399999999999,734.3238,2024-04-01
Itapaci,2024,4,8747.49,2885.6418,2024-04-01
Buritinópolis,2024,4,108.0,1232.972,2024-04-01
Itajá,2024,4,735.8,74.55822,2024-04-01
Montividiu do Norte,2024,4,172.63,-485.98276,2024-04-01
Anápolis,2024,4,51437.01,22808.34,2024-04-01
Santo Antônio do Descoberto,2024,4,1496.25,1596.6598,2024-04-01
Três Ranchos,2024,4,1276.61,1139.2864,2024-04-01
Niquelândia,2024,4,7483.1,4060.8916,2024-04-01
Turvelândia,2024,4,526.88,1119.7643,2024-04-01
Nova Crixás,2024,4,2194.03,1045.6622,2024-04-01
Inaciolândia,2024,4,1539.1499999999999,502.31046,2024-04-01
São Patrício,2024,4,258.73,641.7202,2024-04-01
Heitoraí,2024,4,926.47,791.5072,2024-04-01
Cidade Ocidental,2024,4,3508.86,1528.8632,2024-04-01
Anicuns,2024,4,2230.88,2344.341,2024-04-01
Adelândia,2024,4,498.94000000000005,282.73886,2024-04-01
Maurilândia,2024,4,1101.53,955.19147,2024-04-01
Luziânia,2024,4,18361.54,9824.765,2024-04-01
Jaraguá,2024,4,6577.79,3116.9739,2024-04-01
Rianápolis,2024,4,908.06,1384.4762,2024-04-01
Hidrolândia,2024,4,7110.68,2372.1777,2024-04-01
Jataí,2024,4,21584.64,9754.445,2024-04-01
Planaltina,2024,4,2847.91,2525.491,2024-04-01
Bonfinópolis,2024,4,994.86,702.63855,2024-04-01
Campos Belos,2024,4,1367.32,1079.9602,2024-04-01
Águas Lindas de Goiás,2024,4,3620.28,2028.0416,2024-04-01
Nerópolis,2024,4,4169.15,1791.0856,2024-04-01
Jandaia,2024,4,1610.11,1430.6356,2024-04-01
Campo Limpo de Goiás,2024,4,2066.88,413.21982,2024-04-01
Nova Aurora,2024,4,356.01,829.2645,2024-04-01
Indiara,2024,4,2339.11,1591.88,2024-04-01
Minaçu,2024,4,4733.1,3742.8606,2024-04-01
Bonópolis,2024,4,1959.3500000000001,1095.8516,2024-04-01
Ipameri,2024,4,4245.26,2208.48,2024-04-01
Santa Bárbara de Goiás,2024,4,913.73,783.8793,2024-04-01
Bom Jardim de Goiás,2024,4,1418.45,452.1626,2024-04-01
Santa Fé de Goiás,2024,4,1206.94,1206.7843,2024-04-01
Aragoiânia,2024,4,2135.35,574.289,2024-04-01
Campos Verdes,2024,4,636.3,1209.3546,2024-04-01
Cromínia,2024,4,1232.26,905.4869,2024-04-01
Guarinos,2024,4,111.78999999999999,1263.8678,2024-04-01
Nova Glória,2024,4,1454.21,541.05255,2024-04-01
Senador Canedo,2024,4,17389.12,5153.837,2024-04-01
Campo Alegre de Goiás,2024,4,6214.910000000001,126.92357,2024-04-01
Santa Isabel,2024,5,451.78,299.05026,2024-05-01
Aloândia,2024,5,575.16,-691.09705,2024-05-01
São Miguel do Araguaia,2024,5,6248.17,2443.7104,2024-05-01
Turvelândia,2024,5,567.4,439.69113,2024-05-01
Turvânia,2024,5,986.5799999999999,260.86252,2024-05-01
Adelândia,2024,5,545.34,92.265366,2024-05-01
Santo Antônio de Goiás,2024,5,2614.53,324.95,2024-05-01
Abadia de Goiás,2024,5,4860.05,843.6313,2024-05-01
Santa Helena de Goiás,2024,5,6819.68,2560.7415,2024-05-01
Uirapuru,2024,5,266.33,1036.36,2024-05-01
Água Limpa,2024,5,289.21,207.96452,2024-05-01
Taquaral de Goiás,2024,5,701.3000000000001,190.1725,2024-05-01
São Miguel do Passa Quatro,2024,5,1925.93,279.75394,2024-05-01
Águas Lindas de Goiás,2024,5,3929.4700000000003,1044.7062,2024-05-01
Vicentinópolis,2024,5,1737.47,510.88058,2024-05-01
São Simão,2024,5,4006.31,1614.9211,2024-05-01
Silvânia,2024,5,6546.07,1123.7832,2024-05-01
Santa Cruz de Goiás,2024,5,1210.1100000000001,-773.2641,2024-05-01
Uruaçu,2024,5,10174.1,4149.4175,2024-05-01
Acreúna,2024,5,4360.43,1335.6069,2024-05-01
Senador Canedo,2024,5,18117.62,1915.176,2024-05-01
Amaralina,2024,5,273.9,414.40552,2024-05-01
Alto Paraíso de Goiás,2024,5,840.4,998.7414,2024-05-01
Santa Terezinha de Goiás,2024,5,1412.6399999999999,666.57776,2024-05-01
Sanclerlândia,2024,5,2792.3,438.79892,2024-05-01
Trindade,2024,5,17175.94,3782.3962,2024-05-01
São Francisco de Goiás,2024,5,909.64,290.06107,2024-05-01
Amorinópolis,2024,5,709.95,268.50412,2024-05-01
Santa Fé de Goiás,2024,5,1478.7,252.50609,2024-05-01
Trombas,2024,5,530.35,486.12332,2024-05-01
Urutaí,2024,5,3397.25,2836.4656,2024-05-01
Abadiânia,2024,5,3295.7599999999998,706.5876,2024-05-01
Serranópolis,2024,5,1065.86,769.8865,2024-05-01
Vianópolis,2024,5,5340.12,787.38293,2024-05-01
São João da Paraúna,2024,5,464.27,340.87436,2024-05-01
Alvorada do Norte,2024,5,641.86,435.01657,2024-05-01
Santo Antônio do Descoberto,2024,5,1643.97,906.38293,2024-05-01
Uruana,2024,5,2826.67,482.5002,2024-05-01
Anicuns,2024,5,2296.18,880.1506,2024-05-01
Varjão,2024,5,694.42,35.965195,2024-05-01
Santo Antônio da Barra,2024,5,1271.6399999999999,856.41547,2024-05-01
Terezópolis de Goiás,2024,5,631.95,-24.405962,2024-05-01
Anápolis,2024,5,52831.71,7945.996,2024-05-01
Santa Bárbara de Goiás,2024,5,988.65,437.0195,2024-05-01
Alto Horizonte,2024,5,1388.92,359.759,2024-05-01
Três Ranchos,2024,5,1332.95,202.76494,2024-05-01
Americano do Brasil,2024,5,1282.37,201.67961,2024-05-01
Santa Rita do Novo Destino,2024,5,185.6,341.17325,2024-05-01
Alexânia,2024,5,4014.11,1723.1158,2024-05-01
Santa Tereza de Goiás,2024,5,423.85,89.99724,2024-05-01
Bonópolis,2024,5,1978.31,499.5853,2024-05-01
Moiporá,2024,5,336.44,138.36302,2024-05-01
Caçu,2024,5,2789.19,1026.5553,2024-05-01
Fazenda Nova,2024,5,885.37,284.51578,2024-05-01
Hidrolândia,2024,5,7451.52,1454.7954,2024-05-01
Edéia,2024,5,3448.9100000000003,-1058.486,2024-05-01
Ceres,2024,5,5560.28,1141.5818,2024-05-01
Flores de Goiás,2024,5,772.09,2048.7847,2024-05-01
Lagoa Santa,2024,5,335.73,765.2919,2024-05-01
Cidade Ocidental,2024,5,3544.64,667.0585,2024-05-01
Cristalina,2024,5,10335.28,4171.2466,2024-05-01
Itapirapuã,2024,5,1683.64,-263.17032,2024-05-01
Matrinchã,2024,5,2102.62,591.5609,2024-05-01
Córrego do Ouro,2024,5,711.86,215.23473,2024-05-01
Mozarlândia,2024,5,3734.3,2521.179,2024-05-01
Campestre de Goiás,2024,5,968.8399999999999,193.59953,2024-05-01
Inaciolândia,2024,5,1596.78,275.9467,2024-05-01
Planaltina,2024,5,4590.39,4294.834,2024-05-01
Itapaci,2024,5,8829.85,888.0866,2024-05-01
Marzagão,2024,5,432.71,438.34036,2024-05-01
Nova América,2024,5,241.65,212.68138,2024-05-01
Goianápolis,2024,5,1842.55,216.74962,2024-05-01
Pires do Rio,2024,5,8837.38,15990.092,2024-05-01
Palestina de Goiás,2024,5,589.8000000000001,584.95526,2024-05-01
Araguapaz,2024,5,1489.2,777.0166,2024-05-01
Aragoiânia,2024,5,2217.13,500.07217,2024-05-01
Mossâmedes,2024,5,1028.23,418.74777,2024-05-01
Nova Crixás,2024,5,2384.21,1989.3115,2024-05-01
Ouvidor,2024,5,1232.74,348.14938,2024-05-01
Morro Agudo de Goiás,2024,5,282.64,55.2119,2024-05-01
Itarumã,2024,5,1861.95,1268.9188,2024-05-01
Goianésia,2024,5,13730.88,2467.8865,2024-05-01
Hidrolina,2024,5,519.76,1006.67126,2024-05-01
Caldazinha,2024,5,771.54,403.8127,2024-05-01
Castelândia,2024,5,1047.85,540.94275,2024-05-01
Bonfinópolis,2024,5,1082.82,497.70917,2024-05-01
Porteirão,2024,5,796.39,1471.8171,2024-05-01
Castelândia,2024,5,1070.8,540.94275,2024-05-01
Jussara,2024,5,6334.1,1679.0677,2024-05-01
Corumbá de Goiás,2024,5,3677.06,431.20706,2024-05-01
Baliza,2024,5,225.78,592.9303,2024-05-01
Padre Bernardo,2024,5,3213.99,3020.7522,2024-05-01
Gameleira de Goiás,2024,5,1498.75,675.48157,2024-05-01
Porangatu,2024,5,12485.05,4534.3076,2024-05-01
Chapadão do Céu,2024,5,2182.0,1009.1178,2024-05-01
Britânia,2024,5,3188.2999999999997,767.77997,2024-05-01
Itapuranga,2024,5,4819.68,1036.0048,2024-05-01
Campos Belos,2024,5,1469.22,552.72766,2024-05-01
Pontalina,2024,5,6068.52,1144.1359,2024-05-01
Avelinópolis,2024,5,286.12,117.29808,2024-05-01
Palmeiras de Goiás,2024,5,9736.01,1919.257,2024-05-01
Firminópolis,2024,5,3117.2200000000003,1036.9658,2024-05-01
Itaguaru,2024,5,944.14,-217.43715,2024-05-01
Niquelândia,2024,5,7857.52,4415.133,2024-05-01
Jataí,2024,5,22177.84,8935.573,2024-05-01
Piracanjuba,2024,5,6023.63,777.1309,2024-05-01
Leopoldo de Bulhões,2024,5,6174.410000000001,324.5929,2024-05-01
Goianira,2024,5,8068.17,2492.8025,2024-05-01
Paranaiguara,2024,5,1597.05,471.59824,2024-05-01
Nazário,2024,5,1703.74,457.87045,2024-05-01
Arenópolis,2024,5,612.55,199.1334,2024-05-01
Nerópolis,2024,5,4252.43,470.79364,2024-05-01
Israelândia,2024,5,757.32,251.61107,2024-05-01
Itaguari,2024,5,1116.34,-109.34779,2024-05-01
Mambaí,2024,5,325.07,1906.2472,2024-05-01
Petrolina de Goiás,2024,5,1566.51,340.21255,2024-05-01
Aruanã,2024,5,3566.59,2695.975,2024-05-01
Paraúna,2024,5,2841.07,1236.939,2024-05-01
Perolândia,2024,5,461.33,473.4047,2024-05-01
Cachoeira Dourada,2024,5,6918.03,754.0607,2024-05-01
Luziânia,2024,5,18928.22,5893.7236,2024-05-01
Campinorte,2024,5,2162.66,1621.6503,2024-05-01
Itaberaí,2024,5,11881.4,2672.2449,2024-05-01
Goiandira,2024,5,805.22,324.22806,2024-05-01
Iporá,2024,5,7209.09,1962.7069,2024-05-01
Campo Alegre de Goiás,2024,5,6228.990000000001,671.3032,2024-05-01
Mutunópolis,2024,5,528.92,384.3057,2024-05-01
Itajá,2024,5,775.3,56.555984,2024-05-01
Campinaçu,2024,5,343.8,711.01324,2024-05-01
Campo Limpo de Goiás,2024,5,2173.28,449.6058,2024-05-01
Indiara,2024,5,2368.42,458.32175,2024-05-01
Pirenópolis,2024,5,4906.43,1274.972,2024-05-01
Palmelo,2024,5,607.87,-1242.8702,2024-05-01
Mara Rosa,2024,5,2284.56,1772.4937,2024-05-01
Ipameri,2024,5,4316.61,1445.2532,2024-05-01
Doverlândia,2024,5,1132.07,330.7499,2024-05-01
Brazabrantes,2024,5,700.7,-17.903215,2024-05-01
Itauçu,2024,5,1208.52,174.85631,2024-05-01
Cristianópolis,2024,5,991.54,-436.7432,2024-05-01
Aurilândia,2024,5,459.08,430.1302,2024-05-01
Ipiranga de Goiás,2024,5,721.85,694.30133,2024-05-01
Piranhas,2024,5,2873.09,876.41785,2024-05-01
Araçu,2024,5,519.27,-16.56325,2024-05-01
Palminópolis,2024,5,1301.05,280.95203,2024-05-01
Catalão,2024,5,21894.97,21957.977,2024-05-01
Cachoeira Alta,2024,5,1813.29,118.22098,2024-05-01
Cromínia,2024,5,1273.7,261.9323,2024-05-01
Panamá,2024,5,1033.01,702.2173,2024-05-01
Edealina,2024,5,2451.11,1067.9608,2024-05-01
Mundo Novo,2024,5,880.53,703.77795,2024-05-01
Joviânia,2024,5,1714.48,1223.3341,2024-05-01
Crixás,2024,5,1971.43,3705.347,2024-05-01
Goiás,2024,5,3165.18,1355.8505,2024-05-01
Mineiros,2024,5,24385.56,6825.1274,2024-05-01
Guapó,2024,5,6164.43,5900.4233,2024-05-01
Bom Jardim de Goiás,2024,5,1583.85,911.768,2024-05-01
Montividiu,2024,5,3490.75,1354.288,2024-05-01
Goiânia,2024,5,188859.17,99778.05,2024-05-01
Rio Verde,2024,5,50455.7,24792.496,2024-05-01
Jandaia,2024,5,1709.01,450.68307,2024-05-01
Nova Glória,2024,5,1544.63,399.70786,2024-05-01
Carmo do Rio Verde,2024,5,1026.33,468.1511,2024-05-01
Gouvelândia,2024,5,951.41,389.91544,2024-05-01
Barro Alto,2024,5,905.28,895.14545,2024-05-01
Orizona,2024,5,6560.72,1610.7836,2024-05-01
Novo Brasil,2024,5,956.72,877.98694,2024-05-01
Guarani de Goiás,2024,5,94.98,1268.9208,2024-05-01
Quirinópolis,2024,5,11201.26,3191.9312,2024-05-01
Nova Iguaçu de Goiás,2024,5,573.12,880.41156,2024-05-01
Aporé,2024,5,440.39,393.87494,2024-05-01
Rianápolis,2024,5,930.98,16.646955,2024-05-01
Novo Planalto,2024,5,969.1899999999999,1732.5192,2024-05-01
Montes Claros de Goiás,2024,5,2147.36,1523.0538,2024-05-01
Itumbiara,2024,5,31080.190000000002,27469.102,2024-05-01
Cezarina,2024,5,1822.0,215.69316,2024-05-01
Caldas Novas,2024,5,64794.22,25480.156,2024-05-01
Ivolândia,2024,5,591.9399999999999,371.11203,2024-05-01
Rio Quente,2024,5,1517.61,450.3332,2024-05-01
Aparecida do Rio Doce,2024,5,602.04,-974.7405,2024-05-01
Faina,2024,5,790.05,525.3584,2024-05-01
Caldas Novas,2024,5,65526.22,25480.156,2024-05-01
Cocalzinho de Goiás,2024,5,3116.1,759.79047,2024-05-01
Aragarças,2024,5,3325.7400000000002,800.23737,2024-05-01
Cocalzinho de Goiás,2024,5,3051.66,759.79047,2024-05-01
Goiatuba,2024,5,7986.4,1822.7263,2024-05-01
Novo Gama,2024,5,1836.69,700.6758,2024-05-01
Bela Vista de Goiás,2024,5,6553.26,1921.572,2024-05-01
Buriti Alegre,2024,5,2811.72,-779.40955,2024-05-01
Estrela do Norte,2024,5,1007.9399999999999,1538.1466,2024-05-01
Formosa,2024,5,10735.130000000001,2150.3904,2024-05-01
Minaçu,2024,5,4963.01,2637.9949,2024-05-01
Guarinos,2024,5,123.28999999999999,763.02374,2024-05-01
Jaraguá,2024,5,6903.79,1538.3807,2024-05-01
Aparecida de Goiânia,2024,5,57201.87,4486.564,2024-05-01
Rubiataba,2024,5,2983.16,610.4929,2024-05-01
Caiapônia,2024,5,3647.81,2537.923,2024-05-01
Posse,2024,5,2792.99,1208.6998,2024-05-01
Professor Jamil,2024,5,812.94,-447.00748,2024-05-01
Heitoraí,2024,5,932.47,142.98424,2024-05-01
Monte Alegre de Goiás,2024,5,262.03,887.09424,2024-05-01
Maurilândia,2024,5,1191.6200000000001,430.70352,2024-05-01
Cabeceiras,2024,5,764.1700000000001,-454.3732,2024-05-01
Diorama,2024,5,468.84000000000003,297.96698,2024-05-01
Buriti de Goiás,2024,5,786.35,-50.468216,2024-05-01
Portelândia,2024,5,1896.96,70.57347,2024-05-01
Nova Veneza,2024,5,1760.01,597.6715,2024-05-01
Ouro Verde de Goiás,2024,5,1322.5800000000002,-17.753435,2024-05-01
Morrinhos,2024,5,12325.55,2341.71,2024-05-01
Corumbaíba,2024,5,1477.33,353.11325,2024-05-01
Caturaí,2024,5,483.01,164.6587,2024-05-01
Formoso,2024,5,1072.1,908.27545,2024-05-01
Guaraíta,2024,5,216.28,188.03639,2024-05-01
Campos Verdes,2024,5,655.3,1123.4315,2024-05-01
Palminópolis,2024,6,1361.25,604.6314,2024-06-01
Jaraguá,2024,6,7186.06,1831.7324,2024-06-01
Paranaiguara,2024,6,1615.85,448.38403,2024-06-01
Itaberaí,2024,6,12102.98,2894.1648,2024-06-01
Nerópolis,2024,6,4436.21,1376.5713,2024-06-01
Americano do Brasil,2024,6,1330.35,447.3611,2024-06-01
Goiandira,2024,6,826.62,349.36673,2024-06-01
Doverlândia,2024,6,1167.07,497.7439,2024-06-01
Catalão,2024,6,22601.49,22519.639,2024-06-01
Itaguari,2024,6,1136.82,298.3883,2024-06-01
Formosa,2024,6,11070.84,2818.0178,2024-06-01
Nova Veneza,2024,6,1782.01,703.4597,2024-06-01
Davinópolis,2024,6,395.96999999999997,-1807.3214,2024-06-01
Alexânia,2024,6,4254.36,1419.5588,2024-06-01
Crixás,2024,6,2099.15,3581.0933,2024-06-01
Novo Brasil,2024,6,994.97,870.8117,2024-06-01
Novo Gama,2024,6,1974.69,1135.6848,2024-06-01
Terezópolis de Goiás,2024,6,639.75,354.5073,2024-06-01
Itaguaru,2024,6,968.84,88.51579,2024-06-01
São Miguel do Araguaia,2024,6,6438.66,1882.3573,2024-06-01
Jataí,2024,6,24086.99,9869.69,2024-06-01
Diorama,2024,6,489.88,410.4406,2024-06-01
Aruanã,2024,6,3711.17,1889.6499,2024-06-01
Bela Vista de Goiás,2024,6,6813.9400000000005,2173.5671,2024-06-01
Abadiânia,2024,6,3390.7599999999998,698.306,2024-06-01
Uruaçu,2024,6,10779.44,4337.4565,2024-06-01
Santo Antônio de Goiás,2024,6,2624.38,458.8864,2024-06-01
Jandaia,2024,6,1792.69,668.68884,2024-06-01
Varjão,2024,6,746.42,489.38013,2024-06-01
São Patrício,2024,6,277.73,366.32535,2024-06-01
Panamá,2024,6,1058.01,-870.2206,2024-06-01
Paraúna,2024,6,2899.01,1168.2817,2024-06-01
Leopoldo de Bulhões,2024,6,6220.43,522.317,2024-06-01
Santa Rita do Novo Destino,2024,6,198.6,215.62059,2024-06-01
Niquelândia,2024,6,7995.41,3191.5854,2024-06-01
Itauçu,2024,6,1214.52,235.67621,2024-06-01
Divinópolis de Goiás,2024,6,191.29,561.89087,2024-06-01
Cromínia,2024,6,1287.5,415.95685,2024-06-01
Amorinópolis,2024,6,719.95,588.85126,2024-06-01
Flores de Goiás,2024,6,842.85,1093.3728,2024-06-01
Moiporá,2024,6,339.44,382.6952,2024-06-01
Palestina de Goiás,2024,6,599.8000000000001,538.55347,2024-06-01
Orizona,2024,6,6869.9400000000005,1740.8685,2024-06-01
Jussara,2024,6,6537.64,1874.215,2024-06-01
Caiapônia,2024,6,3710.43,2157.6338,2024-06-01
Caldazinha,2024,6,807.54,558.57104,2024-06-01
Abadia de Goiás,2024,6,5020.59,1026.2168,2024-06-01
Itapuranga,2024,6,5045.22,1690.68,2024-06-01
Damolândia,2024,6,624.3100000000001,334.99402,2024-06-01
Santo Antônio do Descoberto,2024,6,1709.07,1002.6877,2024-06-01
Barro Alto,2024,6,946.53,750.7733,2024-06-01
Padre Bernardo,2024,6,8231.99,-10544.183,2024-06-01
Baliza,2024,6,316.48,604.9606,2024-06-01
Formoso,2024,6,1130.7,799.4528,2024-06-01
Bonfinópolis,2024,6,1088.06,813.0699,2024-06-01
São Miguel do Passa Quatro,2024,6,1966.53,540.5416,2024-06-01
Aloândia,2024,6,593.08,-831.635,2024-06-01
Damianópolis,2024,6,336.58,159.52348,2024-06-01
Itarumã,2024,6,1888.71,544.9011,2024-06-01
Ouvidor,2024,6,1248.7,3052.003,2024-06-01
Vila Propício,2024,6,1473.44,-108.281784,2024-06-01
Santa Terezinha de Goiás,2024,6,1464.34,449.8443,2024-06-01
Nova Crixás,2024,6,2487.21,1844.799,2024-06-01
Joviânia,2024,6,1744.13,56.430557,2024-06-01
Ouro Verde de Goiás,2024,6,1444.94,444.35193,2024-06-01
Bom Jardim de Goiás,2024,6,1595.05,461.36478,2024-06-01
Lagoa Santa,2024,6,343.73,603.5054,2024-06-01
Urutaí,2024,6,3658.09,1228.8676,2024-06-01
Jaupaci,2024,6,778.11,241.62375,2024-06-01
Itumbiara,2024,6,32182.16,30820.479,2024-06-01
Palmelo,2024,6,628.99,-244.64626,2024-06-01
Alto Horizonte,2024,6,1525.09,829.3256,2024-06-01
Cezarina,2024,6,4917.0,10434.83,2024-06-01
Cachoeira Dourada,2024,6,7002.83,-741.3081,2024-06-01
Amaralina,2024,6,294.4,451.77405,2024-06-01
Campinaçu,2024,6,356.8,417.4694,2024-06-01
Caldas Novas,2024,6,66515.66,31618.312,2024-06-01
Itajá,2024,6,869.3,196.36992,2024-06-01
Palmeiras de Goiás,2024,6,10003.89,2618.2158,2024-06-01
Caldas Novas,2024,6,67505.1,31618.312,2024-06-01
Nova Iguaçu de Goiás,2024,6,603.82,572.3821,2024-06-01
Santo Antônio da Barra,2024,6,1323.16,1287.0663,2024-06-01
Avelinópolis,2024,6,291.12,384.67447,2024-06-01
Vicentinópolis,2024,6,1758.31,532.469,2024-06-01
Novo Planalto,2024,6,1032.65,1292.9111,2024-06-01
Itapaci,2024,6,8913.14,915.0254,2024-06-01
Nova América,2024,6,252.65,400.60007,2024-06-01
Santa Tereza de Goiás,2024,6,465.33,142.15553,2024-06-01
Cavalcante,2024,6,152.51,1365.6381,2024-06-01
Campestre de Goiás,2024,6,987.8,408.1208,2024-06-01
Caturaí,2024,6,516.49,440.19595,2024-06-01
São Simão,2024,6,4225.35,1164.7618,2024-06-01
Córrego do Ouro,2024,6,726.96,359.67465,2024-06-01
Nova Glória,2024,6,1564.63,73.64952,2024-06-01
Itapirapuã,2024,6,1719.2,295.7673,2024-06-01
Aurilândia,2024,6,494.08,565.2223,2024-06-01
Gameleira de Goiás,2024,6,1503.75,439.25934,2024-06-01
Piracanjuba,2024,6,6202.13,1190.0841,2024-06-01
Santa Rita do Araguaia,2024,6,473.31,332.28732,2024-06-01
Goianésia,2024,6,14205.53,3411.3567,2024-06-01
Turvelândia,2024,6,572.4,541.92334,2024-06-01
Santa Cruz de Goiás,2024,6,1223.15,266.48196,2024-06-01
Edéia,2024,6,3474.61,156.55833,2024-06-01
Adelândia,2024,6,549.82,293.17838,2024-06-01
São João D'Aliança,2024,6,799.12,1032.8231,2024-06-01
Morro Agudo de Goiás,2024,6,301.94,358.84433,2024-06-01
Cabeceiras,2024,6,800.85,363.65878,2024-06-01
Portelândia,2024,6,1902.96,321.4599,2024-06-01
Heitoraí,2024,6,1033.07,646.61316,2024-06-01
Posse,2024,6,2850.03,708.26843,2024-06-01
Maurilândia,2024,6,1247.6200000000001,557.11926,2024-06-01
Morrinhos,2024,6,12614.68,2413.5872,2024-06-01
Professor Jamil,2024,6,821.02,-491.9134,2024-06-01
Aragarças,2024,6,3464.32,1001.3407,2024-06-01
Silvânia,2024,6,6602.07,1002.22205,2024-06-01
Porteirão,2024,6,810.39,445.63177,2024-06-01
Castelândia,2024,6,1075.28,456.9069,2024-06-01
Matrinchã,2024,6,2133.38,585.66034,2024-06-01
Três Ranchos,2024,6,1354.45,362.03406,2024-06-01
Alvorada do Norte,2024,6,969.11,1467.7886,2024-06-01
Hidrolândia,2024,6,7610.74,1422.0133,2024-06-01
Fazenda Nova,2024,6,942.37,529.2808,2024-06-01
Santa Fé de Goiás,2024,6,1514.1399999999999,363.32974,2024-06-01
Cidade Ocidental,2024,6,3653.34,1072.9716,2024-06-01
Aragoiânia,2024,6,2360.58,928.77856,2024-06-01
Campos Belos,2024,6,1523.12,597.5504,2024-06-01
Britânia,2024,6,3196.2999999999997,799.12836,2024-06-01
Corumbá de Goiás,2024,6,3727.96,567.90985,2024-06-01
Porangatu,2024,6,12829.37,3716.909,2024-06-01
Campinorte,2024,6,2204.72,855.98334,2024-06-01
Castelândia,2024,6,1079.76,456.9069,2024-06-01
Pontalina,2024,6,6304.77,1386.2827,2024-06-01
Corumbaíba,2024,6,1512.41,321.7521,2024-06-01
Uruana,2024,6,2965.87,221.80379,2024-06-01
Aporé,2024,6,463.43,187.45604,2024-06-01
Cocalzinho de Goiás,2024,6,3161.82,827.6728,2024-06-01
Águas Lindas de Goiás,2024,6,4025.41,1269.3314,2024-06-01
Uirapuru,2024,6,325.73,716.6885,2024-06-01
Goiânia,2024,6,195365.79000000004,93330.33,2024-06-01
Mineiros,2024,6,24715.920000000002,5805.051,2024-06-01
Sanclerlândia,2024,6,2823.1,500.6006,2024-06-01
São Domingos,2024,6,556.47,1034.7783,2024-06-01
Rio Verde,2024,6,52083.08,29394.258,2024-06-01
Goiás,2024,6,3274.7,1204.3859,2024-06-01
Vianópolis,2024,6,5444.84,979.54846,2024-06-01
Acreúna,2024,6,4448.22,847.1793,2024-06-01
Estrela do Norte,2024,6,1025.84,688.2672,2024-06-01
Aparecida de Goiânia,2024,6,59034.94,8431.094,2024-06-01
Rubiataba,2024,6,3166.6,1103.4401,2024-06-01
Carmo do Rio Verde,2024,6,1032.33,347.04727,2024-06-01
Buriti de Goiás,2024,6,806.35,181.93034,2024-06-01
Cocalzinho de Goiás,2024,6,3207.54,827.6728,2024-06-01
Gouvelândia,2024,6,989.91,426.4573,2024-06-01
Campos Verdes,2024,6,661.3,963.2571,2024-06-01
Minaçu,2024,6,5112.53,2181.4143,2024-06-01
Santa Bárbara de Goiás,2024,6,1069.88,810.00867,2024-06-01
Quirinópolis,2024,6,11694.84,3525.877,2024-06-01
Montividiu,2024,6,3583.27,1085.9233,2024-06-01
Guapó,2024,6,6194.43,653.93176,2024-06-01
Turvânia,2024,6,996.5799999999999,650.67957,2024-06-01
Rianápolis,2024,6,939.28,206.4257,2024-06-01
Buriti Alegre,2024,6,2825.72,714.86505,2024-06-01
Goiatuba,2024,6,8089.3,556.5637,2024-06-01
São Francisco de Goiás,2024,6,946.5799999999999,481.26016,2024-06-01
Faina,2024,6,795.05,520.93304,2024-06-01
Rio Quente,2024,6,1567.05,643.6404,2024-06-01
Anápolis,2024,6,55560.729999999996,22492.152,2024-06-01
Montes Claros de Goiás,2024,6,2205.53,1056.2971,2024-06-01
Cristalina,2024,6,10684.68,5660.3936,2024-06-01
Iaciara,2024,6,350.67,551.23145,2024-06-01
Caçu,2024,6,2967.78,799.05115,2024-06-01
Água Limpa,2024,6,309.21000000000004,399.36163,2024-06-01
Araçu,2024,6,549.27,317.30493,2024-06-01
Cristianópolis,2024,6,1001.54,-449.29514,2024-06-01
Mambaí,2024,6,363.46999999999997,1011.82886,2024-06-01
Mozarlândia,2024,6,3867.94,1893.5184,2024-06-01
Indiara,2024,6,2416.42,1031.2468,2024-06-01
Edealina,2024,6,2504.91,1947.03,2024-06-01
Israelândia,2024,6,768.32,347.7534,2024-06-01
Santa Isabel,2024,6,524.1,596.50775,2024-06-01
Trindade,2024,6,18112.69,5007.5586,2024-06-01
Campo Limpo de Goiás,2024,6,2308.32,792.8838,2024-06-01
Pirenópolis,2024,6,5025.93,1328.0646,2024-06-01
Arenópolis,2024,6,624.79,392.97775,2024-06-01
Ipiranga de Goiás,2024,6,754.85,460.69363,2024-06-01
Santa Helena de Goiás,2024,6,7045.66,1845.6681,2024-06-01
Mara Rosa,2024,6,2367.26,1901.5146,2024-06-01
Ipameri,2024,6,4486.29,262.3658,2024-06-01
Brazabrantes,2024,6,707.3,323.1418,2024-06-01
Trombas,2024,6,585.85,538.0157,2024-06-01
Mundo Novo,2024,6,887.28,585.75793,2024-06-01
Piranhas,2024,6,2992.4700000000003,999.2081,2024-06-01
Nazário,2024,6,1759.92,1262.2175,2024-06-01
Cachoeira Alta,2024,6,4907.27,-9918.756,2024-06-01
Goianira,2024,6,8397.61,2755.9724,2024-06-01
Marzagão,2024,6,451.11,402.56815,2024-06-01
Perolândia,2024,6,479.33,1602.1349,2024-06-01
Senador Canedo,2024,6,19022.45,4463.3564,2024-06-01
Planaltina,2024,6,4965.47,2157.9285,2024-06-01
Inaciolândia,2024,6,1620.68,-3.6919112,2024-06-01
Chapadão do Céu,2024,6,2213.3,660.2178,2024-06-01
Goianápolis,2024,6,1970.15,1054.9633,2024-06-01
Campo Alegre de Goiás,2024,6,6232.910000000001,1364.223,2024-06-01
Mutunópolis,2024,6,573.92,499.35248,2024-06-01
Anicuns,2024,6,2371.22,936.5057,2024-06-01
Firminópolis,2024,6,3214.52,960.4066,2024-06-01
Iporá,2024,6,7640.95,2025.6373,2024-06-01
Pires do Rio,2024,6,8992.34,23884.602,2024-06-01
Araguapaz,2024,6,1552.12,529.7744,2024-06-01
Serranópolis,2024,6,1109.54,620.6582,2024-06-01
São João da Paraúna,2024,6,467.27,492.37476,2024-06-01
Petrolina de Goiás,2024,6,1594.21,503.9573,2024-06-01
Luziânia,2024,6,19255.38,7281.5415,2024-06-01
Ceres,2024,6,5690.9,922.2877,2024-06-01
Buritinópolis,2024,7,134.46,782.6863,2024-07-01
Firminópolis,2024,7,3243.76,946.2357,2024-07-01
Nova Iguaçu de Goiás,2024,7,626.01,493.07452,2024-07-01
Mutunópolis,2024,7,618.4,583.57904,2024-07-01
Jaupaci,2024,7,781.11,274.6566,2024-07-01
Buriti Alegre,2024,7,2950.72,-458.2349,2024-07-01
São Miguel do Araguaia,2024,7,6626.57,1803.9758,2024-07-01
Varjão,2024,7,789.52,349.62582,2024-07-01
São Francisco de Goiás,2024,7,968.5799999999999,563.2539,2024-07-01
Lagoa Santa,2024,7,350.57,208.74251,2024-07-01
Jataí,2024,7,24705.65,7644.53,2024-07-01
Nerópolis,2024,7,4703.2,1525.5101,2024-07-01
Moiporá,2024,7,357.79,525.0075,2024-07-01
Mineiros,2024,7,25231.56,6262.623,2024-07-01
Leopoldo de Bulhões,2024,7,6277.330000000001,623.67395,2024-07-01
Estrela do Norte,2024,7,1031.84,701.86,2024-07-01
Santo Antônio de Goiás,2024,7,3077.09,1520.4374,2024-07-01
Senador Canedo,2024,7,19937.0,3280.0066,2024-07-01
São Patrício,2024,7,288.73,464.27325,2024-07-01
Vianópolis,2024,7,5517.33,919.5056,2024-07-01
Bonópolis,2024,7,2005.67,666.2421,2024-07-01
Luziânia,2024,7,19585.17,5818.103,2024-07-01
Mairipotaba,2024,7,452.8,-915.3899,2024-07-01
Mambaí,2024,7,378.87,956.1164,2024-07-01
São Domingos,2024,7,579.47,1234.7599,2024-07-01
Nazário,2024,7,1805.08,699.3861,2024-07-01
Diorama,2024,7,513.63,528.50977,2024-07-01
Buriti de Goiás,2024,7,821.35,242.38417,2024-07-01
Ceres,2024,7,5949.9,1306.0326,2024-07-01
Montes Claros de Goiás,2024,7,2327.81,1385.93,2024-07-01
Niquelândia,2024,7,8152.94,3152.192,2024-07-01
Alto Horizonte,2024,7,1619.36,633.4176,2024-07-01
Montividiu,2024,7,3681.9900000000002,1237.4448,2024-07-01
Morro Agudo de Goiás,2024,7,325.94,323.38803,2024-07-01
Edealina,2024,7,2603.61,1607.6312,2024-07-01
Bonfinópolis,2024,7,1126.76,554.8372,2024-07-01
Cabeceiras,2024,7,810.85,17.829695,2024-07-01
Cachoeira Dourada,2024,7,7053.889999999999,-116.58278,2024-07-01
Cavalcante,2024,7,157.51,1264.7927,2024-07-01
Britânia,2024,7,3212.7,791.14,2024-07-01
São João da Paraúna,2024,7,479.27,572.5281,2024-07-01
Santo Antônio do Descoberto,2024,7,1878.79,1142.9137,2024-07-01
Serranópolis,2024,7,1164.02,658.9311,2024-07-01
Mossâmedes,2024,7,2094.5299999999997,3351.064,2024-07-01
Jussara,2024,7,6744.91,2061.6118,2024-07-01
Alvorada do Norte,2024,7,1019.1,664.59393,2024-07-01
Matrinchã,2024,7,5153.38,7808.861,2024-07-01
Nova América,2024,7,270.15,432.94736,2024-07-01
Marzagão,2024,7,469.96,443.38968,2024-07-01
Mozarlândia,2024,7,4059.77,2055.5308,2024-07-01
Vicentinópolis,2024,7,1775.51,612.22473,2024-07-01
Fazenda Nova,2024,7,979.26,563.536,2024-07-01
Amaralina,2024,7,308.0,574.9535,2024-07-01
Flores de Goiás,2024,7,850.85,997.3379,2024-07-01
Caçu,2024,7,3114.78,808.46405,2024-07-01
São João D'Aliança,2024,7,851.66,1168.0284,2024-07-01
Nova Glória,2024,7,1642.63,142.39201,2024-07-01
Faina,2024,7,820.05,561.2851,2024-07-01
Alto Paraíso de Goiás,2024,7,850.9,531.76056,2024-07-01
Bom Jardim de Goiás,2024,7,1675.5900000000001,629.4092,2024-07-01
Caiapônia,2024,7,4296.97,3458.2913,2024-07-01
Minaçu,2024,7,5367.69,2485.3162,2024-07-01
Cachoeira Alta,2024,7,5037.83,254.56563,2024-07-01
Doverlândia,2024,7,1205.72,597.4324,2024-07-01
Silvânia,2024,7,11949.31,-10272.541,2024-07-01
Caturaí,2024,7,526.66,502.84583,2024-07-01
Abadia de Goiás,2024,7,5149.14,889.26117,2024-07-01
Mundo Novo,2024,7,1118.46,1192.9834,2024-07-01
Maurilândia,2024,7,1277.42,604.1223,2024-07-01
São Miguel do Passa Quatro,2024,7,2036.83,692.49146,2024-07-01
Morrinhos,2024,7,12940.55,2042.8455,2024-07-01
Brazabrantes,2024,7,753.9,403.45773,2024-07-01
Nova Crixás,2024,7,10065.93,-25346.871,2024-07-01
Edéia,2024,7,3535.31,-527.9493,2024-07-01
Mara Rosa,2024,7,7518.85,-363.97403,2024-07-01
Joviânia,2024,7,1784.3700000000001,64.00261,2024-07-01
Montividiu do Norte,2024,7,202.63,161.22075,2024-07-01
Nova Veneza,2024,7,1903.8500000000001,755.9899,2024-07-01
Gameleira de Goiás,2024,7,1516.75,717.01843,2024-07-01
Terezópolis de Goiás,2024,7,676.11,428.50424,2024-07-01
Petrolina de Goiás,2024,7,1628.69,598.97644,2024-07-01
Professor Jamil,2024,7,871.02,-950.42346,2024-07-01
Goiandira,2024,7,866.12,418.1687,2024-07-01
Uruana,2024,7,2990.87,-255.9056,2024-07-01
Guarinos,2024,7,138.59,595.44653,2024-07-01
Chapadão do Céu,2024,7,2350.26,1337.2667,2024-07-01
Campinorte,2024,7,2289.84,894.87683,2024-07-01
Israelândia,2024,7,803.32,362.83835,2024-07-01
Trindade,2024,7,19949.76,7159.389,2024-07-01
Posse,2024,7,2973.07,834.65857,2024-07-01
Piracanjuba,2024,7,6371.7300000000005,-170.06728,2024-07-01
Goianira,2024,7,8596.99,1389.6803,2024-07-01
Abadiânia,2024,7,3446.2599999999998,652.4083,2024-07-01
Heitoraí,2024,7,1072.07,533.6462,2024-07-01
Arenópolis,2024,7,640.39,432.0145,2024-07-01
Perolândia,2024,7,507.33,606.6677,2024-07-01
Santa Rita do Araguaia,2024,7,493.01,-780.8893,2024-07-01
Itaberaí,2024,7,12498.71,3147.8318,2024-07-01
Santa Rosa de Goiás,2024,7,868.91,486.0663,2024-07-01
Santa Bárbara de Goiás,2024,7,1147.88,684.5015,2024-07-01
Itaguaru,2024,7,994.84,-150.17073,2024-07-01
Panamá,2024,7,1091.59,-809.60913,2024-07-01
Castelândia,2024,7,1186.52,476.35544,2024-07-01
Itaguari,2024,7,1193.82,418.19193,2024-07-01
Goianésia,2024,7,14902.52,4062.2795,2024-07-01
Campos Verdes,2024,7,707.9,903.30774,2024-07-01
Uruaçu,2024,7,11363.970000000001,4012.2585,2024-07-01
Aruanã,2024,7,3831.2200000000003,1916.3473,2024-07-01
Paranaiguara,2024,7,1677.14,746.86536,2024-07-01
Alexânia,2024,7,4356.86,1040.4414,2024-07-01
Crixás,2024,7,2264.7,3274.6545,2024-07-01
Paraúna,2024,7,3057.01,1435.942,2024-07-01
Corumbaíba,2024,7,1534.41,345.24515,2024-07-01
Iporá,2024,7,7980.69,1552.5616,2024-07-01
Santa Isabel,2024,7,633.1,679.7919,2024-07-01
Campo Alegre de Goiás,2024,7,6255.2300000000005,1295.6648,2024-07-01
Portelândia,2024,7,1930.96,663.1045,2024-07-01
Planaltina,2024,7,5186.84,990.02344,2024-07-01
Hidrolina,2024,7,529.76,600.69946,2024-07-01
Porteirão,2024,7,917.59,789.3613,2024-07-01
Goianápolis,2024,7,1980.15,335.6921,2024-07-01
Anicuns,2024,7,2504.56,1346.14,2024-07-01
Cidade Ocidental,2024,7,3793.64,1219.1569,2024-07-01
Iaciara,2024,7,2858.67,3064.9739,2024-07-01
Três Ranchos,2024,7,1397.45,263.4014,2024-07-01
Porangatu,2024,7,13245.92,3813.557,2024-07-01
Corumbá de Goiás,2024,7,3745.96,614.50964,2024-07-01
Campos Belos,2024,7,1595.87,700.7917,2024-07-01
Pontalina,2024,7,6433.17,360.379,2024-07-01
Hidrolândia,2024,7,7756.24,1439.7627,2024-07-01
Santa Fé de Goiás,2024,7,1568.44,-6.6246505,2024-07-01
Castelândia,2024,7,1293.28,476.35544,2024-07-01
Inaciolândia,2024,7,1653.37,-86.23921,2024-07-01
Catalão,2024,7,23258.13,21635.947,2024-07-01
Turvelândia,2024,7,631.88,688.7395,2024-07-01
Araguapaz,2024,7,1586.12,553.301,2024-07-01
Aragarças,2024,7,3643.15,1082.8518,2024-07-01
Cristianópolis,2024,7,1034.38,-848.5019,2024-07-01
Ipiranga de Goiás,2024,7,769.85,418.01755,2024-07-01
Araçu,2024,7,554.27,349.31876,2024-07-01
Piranhas,2024,7,3234.9900000000002,1308.1998,2024-07-01
Trombas,2024,7,589.27,313.2916,2024-07-01
Adelândia,2024,7,560.82,343.70618,2024-07-01
Ipameri,2024,7,4823.99,-322.94257,2024-07-01
Santa Helena de Goiás,2024,7,7437.16,2801.8352,2024-07-01
Indiara,2024,7,2422.02,887.08093,2024-07-01
Pirenópolis,2024,7,5185.05,1400.4021,2024-07-01
Cristalina,2024,7,10877.45,4711.4375,2024-07-01
Santa Cruz de Goiás,2024,7,1228.15,-840.0899,2024-07-01
Água Limpa,2024,7,333.81,507.28445,2024-07-01
Campo Limpo de Goiás,2024,7,2324.32,324.49078,2024-07-01
Pires do Rio,2024,7,9148.72,19524.875,2024-07-01
Aurilândia,2024,7,508.08,554.1453,2024-07-01
Aragoiânia,2024,7,2504.98,916.587,2024-07-01
Campinaçu,2024,7,457.12,697.78326,2024-07-01
Sanclerlândia,2024,7,2884.1,619.2378,2024-07-01
Uirapuru,2024,7,390.73,704.3601,2024-07-01
São Simão,2024,7,4408.3099999999995,1441.6361,2024-07-01
Águas Lindas de Goiás,2024,7,4238.41,687.2766,2024-07-01
Urutaí,2024,7,3672.09,10.873426,2024-07-01
Formosa,2024,7,11557.67,3193.1514,2024-07-01
Goiânia,2024,7,207118.49000000002,112426.31,2024-07-01
Barro Alto,2024,7,1036.3700000000001,894.6025,2024-07-01
Orizona,2024,7,7044.42,1197.5262,2024-07-01
Cocalzinho de Goiás,2024,7,3217.64,810.96155,2024-07-01
Ouro Verde de Goiás,2024,7,1452.94,253.66922,2024-07-01
Aloândia,2024,7,597.56,-339.55215,2024-07-01
Vila Propício,2024,7,1493.0,-173.14537,2024-07-01
Formoso,2024,7,1223.24,912.712,2024-07-01
Santa Terezinha de Goiás,2024,7,1570.06,463.84503,2024-07-01
Rio Verde,2024,7,54961.62,25305.045,2024-07-01
Anápolis,2024,7,57666.0,11044.61,2024-07-01
Acreúna,2024,7,4645.58,1735.8402,2024-07-01
Novo Planalto,2024,7,1073.01,1307.3452,2024-07-01
Vila Boa,2024,7,199.55,558.04034,2024-07-01
Goiás,2024,7,6597.23,4654.4976,2024-07-01
Jaraguá,2024,7,7660.81,2192.5527,2024-07-01
Novo Brasil,2024,7,1050.26,1016.9013,2024-07-01
Jandaia,2024,7,1828.49,504.44974,2024-07-01
Bela Vista de Goiás,2024,7,7043.0,1793.1681,2024-07-01
Americano do Brasil,2024,7,1345.35,253.43028,2024-07-01
Ivolândia,2024,7,597.9399999999999,553.7035,2024-07-01
Rubiataba,2024,7,3276.08,781.0575,2024-07-01
Aparecida de Goiânia,2024,7,61540.34,10388.885,2024-07-01
Novo Gama,2024,7,2003.56,591.7208,2024-07-01
Itumbiara,2024,7,33455.45,28749.0,2024-07-01
Carmo do Rio Verde,2024,7,1092.85,510.64957,2024-07-01
Caldas Novas,2024,7,68587.79000000001,26066.85,2024-07-01
Santo Antônio da Barra,2024,7,1345.96,1120.4603,2024-07-01
Caldas Novas,2024,7,69670.48,26066.85,2024-07-01
Itarumã,2024,7,1950.47,1072.5885,2024-07-01
Itauçu,2024,7,1264.52,338.87827,2024-07-01
Rio Quente,2024,7,1639.35,699.08276,2024-07-01
Amorinópolis,2024,7,741.25,566.36835,2024-07-01
Gouvelândia,2024,7,1001.3299999999999,490.6248,2024-07-01
Itapirapuã,2024,7,1746.68,-170.71236,2024-07-01
Córrego do Ouro,2024,7,775.27,362.835,2024-07-01
Teresina de Goiás,2024,7,256.84,503.41293,2024-07-01
Rianápolis,2024,7,980.28,356.35837,2024-07-01
Cocalzinho de Goiás,2024,7,3227.74,810.96155,2024-07-01
Santa Tereza de Goiás,2024,7,481.93,14.46446,2024-07-01
Itapaci,2024,7,9187.12,1631.1093,2024-07-01
Avelinópolis,2024,7,301.12,476.95334,2024-07-01
Palmeiras de Goiás,2024,7,10152.67,1988.913,2024-07-01
Quirinópolis,2024,7,12073.8,2947.928,2024-07-01
Itajá,2024,7,914.3,331.6909,2024-07-01
Cromínia,2024,7,1341.5,547.9533,2024-07-01
Guapó,2024,7,6316.78,781.6218,2024-07-01
Palestina de Goiás,2024,7,626.8000000000001,648.7022,2024-07-01
Turvânia,2024,7,1017.14,604.8201,2024-07-01
Goiatuba,2024,7,8382.63,2064.5537,2024-07-01
Ouvidor,2024,7,1263.94,1437.4034,2024-07-01
Aparecida do Rio Doce,2024,7,616.04,-1471.9066,2024-07-01
Baliza,2024,7,363.52,506.8398,2024-07-01
Padre Bernardo,2024,7,8751.83,2361.9773,2024-07-01
Itapuranga,2024,7,5196.02,1219.6304,2024-07-01
Caldazinha,2024,7,838.0699999999999,582.61755,2024-07-01
Acreúna,2024,8,4853.3099999999995,2028.5013,2024-08-01
Uruana,2024,8,3094.47,607.7003,2024-08-01
Goiás,2024,8,6784.72,2152.529,2024-08-01
Adelândia,2024,8,576.82,-28.084856,2024-08-01
Goiatuba,2024,8,8810.34,2416.6838,2024-08-01
Mineiros,2024,8,25688.04,4739.375,2024-08-01
Guarinos,2024,8,162.05,1331.9385,2024-08-01
Faina,2024,8,867.65,752.6208,2024-08-01
Carmo do Rio Verde,2024,8,1137.1200000000001,467.15298,2024-08-01
Campos Belos,2024,8,1630.87,482.8029,2024-08-01
Turvânia,2024,8,1023.14,709.5398,2024-08-01
Cabeceiras,2024,8,814.85,-697.0624,2024-08-01
Guapó,2024,8,6371.78,508.06815,2024-08-01
Goianésia,2024,8,16579.1,7141.319,2024-08-01
São Francisco de Goiás,2024,8,1009.5799999999999,366.10806,2024-08-01
Heitoraí,2024,8,1100.39,296.4313,2024-08-01
Gouvelândia,2024,8,1009.93,1107.762,2024-08-01
Buriti de Goiás,2024,8,855.35,-22.97774,2024-08-01
Guarani de Goiás,2024,8,97.98,1666.9944,2024-08-01
Maurilândia,2024,8,1306.44,384.5861,2024-08-01
Goiânia,2024,8,212925.32000000004,65524.273,2024-08-01
Turvelândia,2024,8,639.88,487.97592,2024-08-01
Caçu,2024,8,5375.780000000001,4728.844,2024-08-01
São João D'Aliança,2024,8,883.2099999999999,2082.85,2024-08-01
Guaraíta,2024,8,226.28,263.43338,2024-08-01
Minaçu,2024,8,8035.41,4857.9087,2024-08-01
Abadiânia,2024,8,3645.85,691.78375,2024-08-01
Cachoeira Alta,2024,8,5193.13,994.01953,2024-08-01
Castelândia,2024,8,1534.92,887.6999,2024-08-01
Itajá,2024,8,940.16,235.25226,2024-08-01
Catalão,2024,8,24019.94,3241.682,2024-08-01
Itapaci,2024,8,9300.1,890.508,2024-08-01
Lagoa Santa,2024,8,360.65,572.2176,2024-08-01
Itapirapuã,2024,8,1790.68,-509.41306,2024-08-01
Gameleira de Goiás,2024,8,1522.75,1376.4294,2024-08-01
Jussara,2024,8,6965.73,2696.9478,2024-08-01
Caldazinha,2024,8,856.0699999999999,488.94626,2024-08-01
Taquaral de Goiás,2024,8,764.9000000000001,336.47324,2024-08-01
Itapuranga,2024,8,5449.5,1382.3932,2024-08-01
Flores de Goiás,2024,8,859.01,1886.5128,2024-08-01
Joviânia,2024,8,1852.3700000000001,318.62357,2024-08-01
Itarumã,2024,8,1998.07,1425.8021,2024-08-01
Formoso,2024,8,1255.84,1472.6757,2024-08-01
Itauçu,2024,8,1312.12,57.84343,2024-08-01
Sítio D'Abadia,2024,8,187.02,582.2907,2024-08-01
São Miguel do Passa Quatro,2024,8,2085.68,422.73203,2024-08-01
Jaraguá,2024,8,9082.29,5161.23,2024-08-01
São Patrício,2024,8,303.73,245.50484,2024-08-01
Jandaia,2024,8,1944.3799999999999,1061.7626,2024-08-01
Ivolândia,2024,8,602.9399999999999,487.8876,2024-08-01
Jataí,2024,8,25125.05,5026.3857,2024-08-01
Itumbiara,2024,8,35094.68,14685.258,2024-08-01
Campinaçu,2024,8,472.12,642.8293,2024-08-01
Urutaí,2024,8,3678.69,700.0868,2024-08-01
Caldas Novas,2024,8,70628.57,19868.21,2024-08-01
Caldas Novas,2024,8,71586.66,19868.21,2024-08-01
Caturaí,2024,8,546.66,300.50095,2024-08-01
Caiapônia,2024,8,6365.57,2651.658,2024-08-01
São Simão,2024,8,4578.16,929.5857,2024-08-01
Formosa,2024,8,11842.460000000001,2380.2024,2024-08-01
Jaupaci,2024,8,809.51,13.636396,2024-08-01
Castelândia,2024,8,1414.1,887.6999,2024-08-01
Itaguaru,2024,8,1017.28,-540.01086,2024-08-01
Terezópolis de Goiás,2024,8,705.62,28.18736,2024-08-01
Três Ranchos,2024,8,2472.21,4527.0723,2024-08-01
Matrinchã,2024,8,5268.4800000000005,917.5795,2024-08-01
Hidrolândia,2024,8,7883.49,1505.2822,2024-08-01
Iaciara,2024,8,8858.67,-15902.113,2024-08-01
Goianápolis,2024,8,2158.93,1840.6361,2024-08-01
Fazenda Nova,2024,8,1003.26,350.28128,2024-08-01
Marzagão,2024,8,487.96,408.08,2024-08-01
Inaciolândia,2024,8,1699.8899999999999,793.9979,2024-08-01
Campo Limpo de Goiás,2024,8,2377.79,149.47948,2024-08-01
São João da Paraúna,2024,8,564.27,739.67847,2024-08-01
Mara Rosa,2024,8,7598.67,2316.8386,2024-08-01
Indiara,2024,8,2514.26,1307.3634,2024-08-01
Ipameri,2024,8,5080.25,546.927,2024-08-01
Trombas,2024,8,614.75,1024.3102,2024-08-01
Goianira,2024,8,8728.08,1732.1283,2024-08-01
Campo Alegre de Goiás,2024,8,6304.22,344.62167,2024-08-01
Iporá,2024,8,8494.39,1686.1002,2024-08-01
Itaguari,2024,8,1204.82,583.14325,2024-08-01
São Miguel do Araguaia,2024,8,6857.55,1896.6615,2024-08-01
Uruaçu,2024,8,12433.64,5478.018,2024-08-01
Alexânia,2024,8,5490.22,3556.1985,2024-08-01
Itaberaí,2024,8,17887.96,-6929.2534,2024-08-01
Leopoldo de Bulhões,2024,8,6293.870000000001,389.22415,2024-08-01
Alto Horizonte,2024,8,1661.96,382.16415,2024-08-01
Varjão,2024,8,805.52,664.87854,2024-08-01
Luziânia,2024,8,20019.34,4603.6777,2024-08-01
Mairipotaba,2024,8,462.8,-194.08028,2024-08-01
Goiandira,2024,8,890.12,1081.8214,2024-08-01
Israelândia,2024,8,821.82,106.991196,2024-08-01
Firminópolis,2024,8,3291.31,1067.1975,2024-08-01
Trindade,2024,8,20359.5,3046.4084,2024-08-01
Campinorte,2024,8,2371.26,1438.3436,2024-08-01
Cachoeira Dourada,2024,8,7115.61,981.60736,2024-08-01
Morrinhos,2024,8,13186.58,2728.7732,2024-08-01
Ouro Verde de Goiás,2024,8,1482.04,-27.393633,2024-08-01
Santa Tereza de Goiás,2024,8,495.05,8.219404,2024-08-01
Ouvidor,2024,8,1292.99,870.3657,2024-08-01
Bonópolis,2024,8,2013.65,592.5521,2024-08-01
Nerópolis,2024,8,4765.49,801.24963,2024-08-01
Abadia de Goiás,2024,8,5276.86,831.2573,2024-08-01
Mozarlândia,2024,8,4179.38,2631.8948,2024-08-01
Cocalzinho de Goiás,2024,8,3232.24,755.1044,2024-08-01
Novo Planalto,2024,8,1192.91,2380.8918,2024-08-01
Serranópolis,2024,8,1175.02,459.33408,2024-08-01
Santo Antônio da Barra,2024,8,1370.46,788.9332,2024-08-01
Cocalzinho de Goiás,2024,8,3229.99,755.1044,2024-08-01
Orizona,2024,8,9742.42,3694.1301,2024-08-01
Avelinópolis,2024,8,310.12,266.16922,2024-08-01
Planaltina,2024,8,5388.16,1453.3561,2024-08-01
Palmeiras de Goiás,2024,8,10401.31,2200.765,2024-08-01
Cezarina,2024,8,4972.06,1219.1232,2024-08-01
Rio Quente,2024,8,1651.83,429.40738,2024-08-01
Anápolis,2024,8,59787.71,13806.881,2024-08-01
Corumbá de Goiás,2024,8,3783.2,492.93808,2024-08-01
Alvorada do Norte,2024,8,1247.1,973.5637,2024-08-01
Cromínia,2024,8,1384.2,325.83905,2024-08-01
Vicentinópolis,2024,8,1790.47,446.06128,2024-08-01
Aurilândia,2024,8,518.68,503.40402,2024-08-01
Mossâmedes,2024,8,2137.5299999999997,440.8796,2024-08-01
Bom Jardim de Goiás,2024,8,1794.73,499.18625,2024-08-01
Nova Crixás,2024,8,10150.29,1765.1001,2024-08-01
Edealina,2024,8,2651.59,1680.9011,2024-08-01
Santa Helena de Goiás,2024,8,7888.1,2778.7556,2024-08-01
Córrego do Ouro,2024,8,780.27,45.332138,2024-08-01
Senador Canedo,2024,8,20886.88,3732.6223,2024-08-01
Baliza,2024,8,441.61,371.61993,2024-08-01
Santo Antônio do Descoberto,2024,8,7024.49,-9259.761,2024-08-01
Moiporá,2024,8,459.97,1586.9825,2024-08-01
Padre Bernardo,2024,8,8832.63,1188.6027,2024-08-01
Quirinópolis,2024,8,12826.93,4121.831,2024-08-01
Bonfinópolis,2024,8,1152.76,588.6066,2024-08-01
Pires do Rio,2024,8,9234.3,4146.697,2024-08-01
Nova Aurora,2024,8,362.01,893.0613,2024-08-01
Araguapaz,2024,8,1715.67,804.60834,2024-08-01
Posse,2024,8,3032.07,801.5046,2024-08-01
Vila Boa,2024,8,210.15,541.52966,2024-08-01
Santa Bárbara de Goiás,2024,8,1186.43,644.8329,2024-08-01
Ceres,2024,8,6132.5,1024.4767,2024-08-01
Damolândia,2024,8,642.31,-20.369585,2024-08-01
Palestina de Goiás,2024,8,645.4,596.43866,2024-08-01
Barro Alto,2024,8,1128.19,815.235,2024-08-01
Nazário,2024,8,1861.56,841.2039,2024-08-01
Pirenópolis,2024,8,5356.43,1924.0509,2024-08-01
Portelândia,2024,8,2051.32,1378.7838,2024-08-01
Amorinópolis,2024,8,768.25,739.87695,2024-08-01
Mutunópolis,2024,8,628.12,414.04355,2024-08-01
Aragarças,2024,8,3756.09,1178.8253,2024-08-01
Cristalina,2024,8,13459.95,2199.4575,2024-08-01
Mundo Novo,2024,8,1199.99,748.23584,2024-08-01
Brazabrantes,2024,8,854.4,181.90477,2024-08-01
Rianápolis,2024,8,1044.28,412.82034,2024-08-01
Palminópolis,2024,8,1379.17,362.6899,2024-08-01
Nova Glória,2024,8,1681.63,167.99754,2024-08-01
Morro Agudo de Goiás,2024,8,380.5,439.6055,2024-08-01
Nova Roma,2024,8,102.09,160.38554,2024-08-01
Paraúna,2024,8,3116.81,1038.5956,2024-08-01
Bela Vista de Goiás,2024,8,7365.24,2345.719,2024-08-01
Montividiu,2024,8,3748.03,1174.066,2024-08-01
Santa Isabel,2024,8,651.6,508.85886,2024-08-01
Vianópolis,2024,8,5798.96,1501.108,2024-08-01
Professor Jamil,2024,8,877.02,-247.87843,2024-08-01
Santo Antônio de Goiás,2024,8,3158.95,392.9257,2024-08-01
Santa Rita do Araguaia,2024,8,546.81,-221.94087,2024-08-01
Perolândia,2024,8,524.57,396.41064,2024-08-01
Montes Claros de Goiás,2024,8,2403.4,1521.1332,2024-08-01
Porangatu,2024,8,13667.89,4149.235,2024-08-01
Diorama,2024,8,534.63,352.5171,2024-08-01
Anicuns,2024,8,2589.76,1798.7081,2024-08-01
Petrolina de Goiás,2024,8,1673.41,406.08078,2024-08-01
Buriti Alegre,2024,8,3046.69,935.5624,2024-08-01
Corumbaíba,2024,8,1631.22,1494.6312,2024-08-01
Rubiataba,2024,8,3414.12,683.087,2024-08-01
Porteirão,2024,8,957.1899999999999,627.9258,2024-08-01
Piracanjuba,2024,8,6638.38,1393.4142,2024-08-01
Estrela do Norte,2024,8,1070.04,1938.9496,2024-08-01
Nova Veneza,2024,8,1948.26,473.88538,2024-08-01
Chapadão do Céu,2024,8,2385.19,1484.1083,2024-08-01
Amaralina,2024,8,341.26,512.3257,2024-08-01
Cidade Ocidental,2024,8,3815.7,821.63947,2024-08-01
Pilar de Goiás,2024,8,241.47,486.63834,2024-08-01
Aparecida de Goiânia,2024,8,63091.41,5879.428,2024-08-01
Novo Gama,2024,8,2057.18,747.0093,2024-08-01
Novo Brasil,2024,8,1106.26,1720.5565,2024-08-01
Nova América,2024,8,286.15,293.9946,2024-08-01
Britânia,2024,8,3247.58,645.81415,2024-08-01
Santa Cruz de Goiás,2024,8,1270.95,-231.8434,2024-08-01
Panamá,2024,8,1127.59,-28.094622,2024-08-01
Santa Terezinha de Goiás,2024,8,1706.55,1160.7213,2024-08-01
Doverlândia,2024,8,1301.72,502.40128,2024-08-01
Edéia,2024,8,3551.31,-259.18454,2024-08-01
Piranhas,2024,8,3284.67,768.9311,2024-08-01
Niquelândia,2024,8,8334.24,3593.823,2024-08-01
Santa Fé de Goiás,2024,8,1716.1399999999999,-215.46669,2024-08-01
Americano do Brasil,2024,8,2361.81,3200.3218,2024-08-01
Silvânia,2024,8,12248.41,1447.5237,2024-08-01
Vila Propício,2024,8,1501.0,599.6966,2024-08-01
Santa Rita do Novo Destino,2024,8,214.6,305.40414,2024-08-01
Crixás,2024,8,2367.65,3159.0913,2024-08-01
Nova Iguaçu de Goiás,2024,8,641.44,938.2068,2024-08-01
Aragoiânia,2024,8,2979.02,1427.6967,2024-08-01
Cristianópolis,2024,8,1076.38,-155.12578,2024-08-01
Pontalina,2024,8,6625.23,1478.4279,2024-08-01
Aruanã,2024,8,3920.64,2173.4187,2024-08-01
Paranaiguara,2024,8,1703.14,1280.2322,2024-08-01
Sanclerlândia,2024,8,2982.4,496.74338,2024-08-01
Águas Lindas de Goiás,2024,8,5155.8099999999995,3761.6555,2024-08-01
Rio Verde,2024,8,56320.54,16611.438,2024-08-01
Água Fria de Goiás,2024,8,2774.41,786.13477,2024-08-01
Orizona,2024,9,9831.6,734.29126,2024-09-01
Formosa,2024,9,11962.77,1154.9731,2024-09-01
Anicuns,2024,9,2645.84,895.8446,2024-09-01
Iaciara,2024,9,8883.17,1221.7391,2024-09-01
Barro Alto,2024,9,1219.67,1580.9996,2024-09-01
Estrela do Norte,2024,9,1080.04,1143.0382,2024-09-01
Caldas Novas,2024,9,74744.54000000001,22636.375,2024-09-01
Porangatu,2024,9,14096.98,4362.4233,2024-09-01
Bela Vista de Goiás,2024,9,7817.0,1792.4125,2024-09-01
Campos Belos,2024,9,1637.51,353.1655,2024-09-01
Jandaia,2024,9,1976.78,244.86467,2024-09-01
Novo Brasil,2024,9,1119.26,497.1157,2024-09-01
Pontalina,2024,9,6705.23,1455.3868,2024-09-01
Aragoiânia,2024,9,3137.7200000000003,848.75793,2024-09-01
Americano do Brasil,2024,9,2400.39,332.06235,2024-09-01
Urutaí,2024,9,3906.43,1475.0197,2024-09-01
Santa Fé de Goiás,2024,9,1733.94,-5.77086,2024-09-01
Itumbiara,2024,9,35857.74,13020.273,2024-09-01
Novo Gama,2024,9,2104.96,513.1083,2024-09-01
Itauçu,2024,9,1414.68,1043.3446,2024-09-01
Santo Antônio da Barra,2024,9,1381.46,600.0209,2024-09-01
Novo Planalto,2024,9,1231.31,1283.7194,2024-09-01
Três Ranchos,2024,9,2504.69,69.54991,2024-09-01
Caldas Novas,2024,9,73165.6,22636.375,2024-09-01
Corumbá de Goiás,2024,9,3795.2,374.09192,2024-09-01
Damolândia,2024,9,706.46,387.678,2024-09-01
São Simão,2024,9,4680.58,570.8363,2024-09-01
Hidrolândia,2024,9,8011.86,1108.8209,2024-09-01
Castelândia,2024,9,1582.41,-30.083513,2024-09-01
Cezarina,2024,9,7005.0599999999995,6127.753,2024-09-01
Córrego do Ouro,2024,9,786.27,279.52972,2024-09-01
Aloândia,2024,9,615.56,936.9154,2024-09-01
Piranhas,2024,9,3354.41,634.212,2024-09-01
Ipameri,2024,9,5214.55,1276.3817,2024-09-01
Itaguaru,2024,9,1092.84,280.72833,2024-09-01
Palminópolis,2024,9,1401.17,392.3179,2024-09-01
Panamá,2024,9,1133.59,-151.37477,2024-09-01
Terezópolis de Goiás,2024,9,781.37,866.50464,2024-09-01
Araçu,2024,9,681.71,1065.6989,2024-09-01
Ipiranga de Goiás,2024,9,790.53,1302.7985,2024-09-01
Crixás,2024,9,2436.07,4488.239,2024-09-01
Uruaçu,2024,9,12706.630000000001,3575.154,2024-09-01
Itaguari,2024,9,1214.82,144.8527,2024-09-01
Goianira,2024,9,8948.02,2281.7668,2024-09-01
Aruanã,2024,9,4040.2400000000002,1726.4393,2024-09-01
Alexânia,2024,9,5683.07,1660.8632,2024-09-01
Paranaiguara,2024,9,1754.48,534.6578,2024-09-01
Água Fria de Goiás,2024,9,2810.41,603.23126,2024-09-01
Cristianópolis,2024,9,1179.23,765.9015,2024-09-01
Piracanjuba,2024,9,6832.72,2386.8303,2024-09-01
Itaberaí,2024,9,18375.57,2104.7095,2024-09-01
Paraúna,2024,9,3155.93,622.8268,2024-09-01
Santa Isabel,2024,9,679.16,1007.52075,2024-09-01
Santa Rita do Araguaia,2024,9,581.77,1124.4733,2024-09-01
Campinorte,2024,9,2442.9,1644.3911,2024-09-01
Iporá,2024,9,8767.83,1501.3177,2024-09-01
Petrolina de Goiás,2024,9,1702.41,353.4625,2024-09-01
Goiandira,2024,9,913.88,124.84764,2024-09-01
Israelândia,2024,9,876.94,403.02963,2024-09-01
Chapadão do Céu,2024,9,2437.55,951.04956,2024-09-01
Arenópolis,2024,9,662.67,678.94604,2024-09-01
Aurilândia,2024,9,535.32,162.37468,2024-09-01
Cromínia,2024,9,1404.2,251.82344,2024-09-01
Palmeiras de Goiás,2024,9,10521.880000000001,1583.7767,2024-09-01
Itajá,2024,9,985.16,-848.9735,2024-09-01
Planaltina,2024,9,5601.6900000000005,1409.108,2024-09-01
Damianópolis,2024,9,346.58,244.11725,2024-09-01
Santa Terezinha de Goiás,2024,9,1814.95,774.89417,2024-09-01
Formoso,2024,9,1305.84,1150.4138,2024-09-01
Itarumã,2024,9,2023.07,663.805,2024-09-01
Baliza,2024,9,491.75,824.7503,2024-09-01
Ouvidor,2024,9,1328.85,-47.17836,2024-09-01
Água Limpa,2024,9,367.8,300.6167,2024-09-01
Inaciolândia,2024,9,1794.97,-1908.4332,2024-09-01
Itapuranga,2024,9,5487.46,768.9382,2024-09-01
Vila Propício,2024,9,1523.0,600.27185,2024-09-01
Pires do Rio,2024,9,9478.3,8473.969,2024-09-01
Taquaral de Goiás,2024,9,798.9000000000001,271.84512,2024-09-01
Padre Bernardo,2024,9,9947.03,1734.1018,2024-09-01
Goianápolis,2024,9,2161.93,-0.45692587,2024-09-01
Campo Limpo de Goiás,2024,9,2483.79,519.29565,2024-09-01
Caldazinha,2024,9,864.0699999999999,65.95839,2024-09-01
Gameleira de Goiás,2024,9,1538.73,211.36302,2024-09-01
Pirenópolis,2024,9,5606.49,2032.9744,2024-09-01
Itapirapuã,2024,9,1822.68,94.738174,2024-09-01
Amorinópolis,2024,9,781.25,-168.21852,2024-09-01
Santa Tereza de Goiás,2024,9,535.13,-83.54555,2024-09-01
Campestre de Goiás,2024,9,1002.3,213.70937,2024-09-01
Indiara,2024,9,2537.42,616.4249,2024-09-01
Castelândia,2024,9,1629.9,-30.083513,2024-09-01
Catalão,2024,9,24858.25,9569.799,2024-09-01
Santa Helena de Goiás,2024,9,8177.2,3193.8699,2024-09-01
Itapaci,2024,9,9374.04,1578.8998,2024-09-01
Cristalina,2024,9,13782.45,4225.9478,2024-09-01
Avelinópolis,2024,9,325.12,192.2465,2024-09-01
Araguapaz,2024,9,1875.71,1849.6393,2024-09-01
Jaraguá,2024,9,9390.83,1033.6305,2024-09-01
Hidrolina,2024,9,576.26,1171.0614,2024-09-01
Abadiânia,2024,9,3748.0099999999998,1139.5526,2024-09-01
Matrinchã,2024,9,5278.4800000000005,1043.1652,2024-09-01
Alvorada do Norte,2024,9,3357.65,-952.92786,2024-09-01
Aparecida do Rio Doce,2024,9,633.17,137.50523,2024-09-01
Gouvelândia,2024,9,1055.85,333.9893,2024-09-01
Marzagão,2024,9,506.96,73.07677,2024-09-01
Serranópolis,2024,9,1232.12,-445.92105,2024-09-01
Fazenda Nova,2024,9,1034.06,319.5692,2024-09-01
Mozarlândia,2024,9,4280.38,2427.2522,2024-09-01
Campos Verdes,2024,9,746.74,1387.3636,2024-09-01
São João da Paraúna,2024,9,574.27,-6.9658217,2024-09-01
Edealina,2024,9,2696.59,1677.6201,2024-09-01
Mara Rosa,2024,9,7701.860000000001,2304.992,2024-09-01
Goianésia,2024,9,17130.45,2504.7253,2024-09-01
Brazabrantes,2024,9,930.5,856.15924,2024-09-01
Mundo Novo,2024,9,1224.71,422.22598,2024-09-01
Cachoeira Alta,2024,9,5337.66,12.930769,2024-09-01
Turvânia,2024,9,1054.46,5.7520585,2024-09-01
Varjão,2024,9,826.12,30.34358,2024-09-01
Santa Bárbara de Goiás,2024,9,1222.43,-144.19582,2024-09-01
Senador Canedo,2024,9,21640.15,3119.3577,2024-09-01
Luziânia,2024,9,20563.07,5080.0776,2024-09-01
Guapó,2024,9,6433.12,489.40286,2024-09-01
Quirinópolis,2024,9,13289.44,4074.4558,2024-09-01
Anápolis,2024,9,64457.34,42969.58,2024-09-01
Ceres,2024,9,6457.1,1834.8889,2024-09-01
Cocalzinho de Goiás,2024,9,3291.32,625.6342,2024-09-01
Cocalzinho de Goiás,2024,9,3261.7799999999997,625.6342,2024-09-01
Nazário,2024,9,1926.02,361.316,2024-09-01
Mambaí,2024,9,433.43,1634.5645,2024-09-01
Firminópolis,2024,9,3421.45,735.24664,2024-09-01
Mutunópolis,2024,9,654.36,362.9374,2024-09-01
Mairipotaba,2024,9,484.8,296.7039,2024-09-01
Mossâmedes,2024,9,2158.09,771.407,2024-09-01
Goiatuba,2024,9,9010.27,3355.658,2024-09-01
Cabeceiras,2024,9,858.3100000000001,59.447433,2024-09-01
Montividiu,2024,9,3754.03,1402.9906,2024-09-01
São Francisco de Goiás,2024,9,1037.08,314.2758,2024-09-01
Vianópolis,2024,9,5826.8,406.59985,2024-09-01
Minaçu,2024,9,8213.98,2591.072,2024-09-01
Acreúna,2024,9,5017.09,1769.6241,2024-09-01
Montes Claros de Goiás,2024,9,2467.52,594.3364,2024-09-01
Águas Lindas de Goiás,2024,9,5490.38,1467.5201,2024-09-01
Aparecida de Goiânia,2024,9,65613.13,21504.39,2024-09-01
Buriti Alegre,2024,9,3147.93,967.93494,2024-09-01
São Domingos,2024,9,586.47,1350.0854,2024-09-01
Carmo do Rio Verde,2024,9,1173.82,1146.3661,2024-09-01
Moiporá,2024,9,467.81,-78.25429,2024-09-01
Mineiros,2024,9,26047.29,6225.309,2024-09-01
Rubiataba,2024,9,3501.5,557.839,2024-09-01
Buriti de Goiás,2024,9,1022.95,1173.5635,2024-09-01
Leopoldo de Bulhões,2024,9,6338.870000000001,402.42868,2024-09-01
Faina,2024,9,912.59,1069.6942,2024-09-01
Rio Verde,2024,9,57642.26,24633.406,2024-09-01
Morro Agudo de Goiás,2024,9,389.8,1013.1247,2024-09-01
São João D'Aliança,2024,9,886.2099999999999,1692.3228,2024-09-01
Britânia,2024,9,3257.64,1256.5353,2024-09-01
Goiânia,2024,9,218120.42,120195.4,2024-09-01
Edéia,2024,9,3633.71,1205.0853,2024-09-01
Rio Quente,2024,9,1678.83,356.77536,2024-09-01
Alto Paraíso de Goiás,2024,9,853.9,1384.2157,2024-09-01
Morrinhos,2024,9,13501.48,5230.4434,2024-09-01
Montividiu do Norte,2024,9,210.63,433.3129,2024-09-01
Maurilândia,2024,9,1328.67,312.63168,2024-09-01
Silvânia,2024,9,12488.619999999999,879.68787,2024-09-01
Caçu,2024,9,5517.3,352.58945,2024-09-01
Mimoso de Goiás,2024,9,66.25,1252.6327,2024-09-01
Sanclerlândia,2024,9,2998.2,303.68625,2024-09-01
Goiás,2024,9,7031.99,2373.3218,2024-09-01
Bonópolis,2024,9,2023.52,399.9061,2024-09-01
Trindade,2024,9,20934.71,2561.65,2024-09-01
Diorama,2024,9,552.72,282.74948,2024-09-01
Bonfinópolis,2024,9,1192.76,-113.5641,2024-09-01
Guarinos,2024,9,196.98000000000002,1122.3358,2024-09-01
Vicentinópolis,2024,9,1850.01,485.9273,2024-09-01
Porteirão,2024,9,1032.56,508.41245,2024-09-01
Jussara,2024,9,7091.8099999999995,2643.7134,2024-09-01
Nova Iguaçu de Goiás,2024,9,667.44,1481.0914,2024-09-01
Uruana,2024,9,3104.47,400.90152,2024-09-01
Cidade Ocidental,2024,9,3971.38,1505.6731,2024-09-01
Jaupaci,2024,9,829.47,758.2189,2024-09-01
Santo Antônio do Descoberto,2024,9,7151.219999999999,776.4204,2024-09-01
Nova Aurora,2024,9,368.01,-87.53023,2024-09-01
Posse,2024,9,3143.57,1716.253,2024-09-01
Flores de Goiás,2024,9,866.86,1212.0599,2024-09-01
Santa Cruz de Goiás,2024,9,1276.95,908.3374,2024-09-01
Nova Crixás,2024,9,14215.310000000001,-19144.418,2024-09-01
Nerópolis,2024,9,4866.28,682.2777,2024-09-01
Nova Glória,2024,9,1705.63,1307.2755,2024-09-01
Abadia de Goiás,2024,9,5389.15,449.02402,2024-09-01
Caturaí,2024,9,616.76,357.85355,2024-09-01
Aragarças,2024,9,4009.7000000000003,1045.6116,2024-09-01
Caiapônia,2024,9,6485.91,3064.3452,2024-09-01
São Miguel do Passa Quatro,2024,9,2096.68,131.6808,2024-09-01
Turvelândia,2024,9,672.88,447.97427,2024-09-01
Adelândia,2024,9,612.64,670.1895,2024-09-01
Joviânia,2024,9,1894.3700000000001,552.17017,2024-09-01
Jataí,2024,9,25478.97,7748.607,2024-09-01
Bom Jardim de Goiás,2024,9,1872.57,917.80145,2024-09-01
Professor Jamil,2024,9,962.02,575.3345,2024-09-01
Nova América,2024,9,300.65,1331.6698,2024-09-01
São Miguel do Araguaia,2024,9,7075.54,2662.1038,2024-09-01
Doverlândia,2024,9,1341.32,393.76443,2024-09-01
Alto Horizonte,2024,9,1727.69,429.1052,2024-09-01
Niquelândia,2024,9,8502.69,5802.5757,2024-09-01
Divinópolis de Goiás,2024,9,198.99,901.0357,2024-09-01
Cavalcante,2024,9,179.51,2508.8508,2024-09-01
Cachoeira Dourada,2024,9,7254.37,-1193.6577,2024-09-01
São Patrício,2024,9,316.73,167.84601,2024-09-01
Nova Veneza,2024,9,2062.68,488.37332,2024-09-01
Corumbaíba,2024,9,1663.7,1679.8816,2024-09-01
Aporé,2024,9,473.38,-926.43225,2024-09-01
Santo Antônio de Goiás,2024,9,3254.96,387.6673,2024-09-01
Pilar de Goiás,2024,9,249.47,1468.2738,2024-09-01
Nova Roma,2024,9,118.09,2.6860185,2024-09-01
Trindade,2024,10,22045.77,20806.893,2024-10-01
Sanclerlândia,2024,10,3054.66,-29.201555,2024-10-01
Rubiataba,2024,10,3620.88,390.05392,2024-10-01
Santa Fé de Goiás,2024,10,1755.94,-1941.6383,2024-10-01
Pilar de Goiás,2024,10,265.95,-81.10335,2024-10-01
Carmo do Rio Verde,2024,10,1217.82,-327.19083,2024-10-01
Ipiranga de Goiás,2024,10,800.53,-429.6824,2024-10-01
Campos Belos,2024,10,1650.95,-68.68483,2024-10-01
Chapadão do Céu,2024,10,2538.01,240.22154,2024-10-01
Rio Quente,2024,10,1719.08,121.36656,2024-10-01
Santa Isabel,2024,10,687.16,-691.4381,2024-10-01
Uirapuru,2024,10,395.73,-1598.8918,2024-10-01
Goiatuba,2024,10,9266.49,1657.3138,2024-10-01
Santa Cruz de Goiás,2024,10,1294.95,-1685.3486,2024-10-01
Aragoiânia,2024,10,3268.81,242.52806,2024-10-01
Rio Verde,2024,10,59202.81,48250.04,2024-10-01
Iporá,2024,10,9181.69,3195.3948,2024-10-01
Cidade Ocidental,2024,10,4177.14,1087.756,2024-10-01
Piracanjuba,2024,10,7128.49,-300.7653,2024-10-01
Acreúna,2024,10,5435.37,2389.3188,2024-10-01
Porteirão,2024,10,1056.56,-545.6959,2024-10-01
Turvelândia,2024,10,682.28,-102.074356,2024-10-01
Pontalina,2024,10,6875.44,1448.3757,2024-10-01
Águas Lindas de Goiás,2024,10,5762.16,6837.1846,2024-10-01
Aparecida de Goiânia,2024,10,68912.5,47025.656,2024-10-01
Hidrolina,2024,10,607.88,-1487.8766,2024-10-01
Água Limpa,2024,10,395.16,-273.3306,2024-10-01
Anápolis,2024,10,66777.25,49189.32,2024-10-01
Uruana,2024,10,3162.47,-236.37733,2024-10-01
Anicuns,2024,10,2729.39,308.6683,2024-10-01
Turvânia,2024,10,1119.46,-243.06825,2024-10-01
Posse,2024,10,3353.16,-2882.935,2024-10-01
Iaciara,2024,10,8963.97,-3601.2231,2024-10-01
Rianápolis,2024,10,1112.28,-286.6497,2024-10-01
Goianápolis,2024,10,2195.41,-82.324844,2024-10-01
Porangatu,2024,10,14657.36,6143.642,2024-10-01
Araguapaz,2024,10,2016.87,-2443.643,2024-10-01
Goianésia,2024,10,17672.25,5739.2734,2024-10-01
Quirinópolis,2024,10,13884.43,6267.0796,2024-10-01
Professor Jamil,2024,10,968.02,-946.6493,2024-10-01
Guapó,2024,10,6519.82,311.14267,2024-10-01
Aporé,2024,10,475.68,-544.5702,2024-10-01
Santa Bárbara de Goiás,2024,10,1283.56,-225.34193,2024-10-01
Inaciolândia,2024,10,1888.51,-1990.2306,2024-10-01
Cocalzinho de Goiás,2024,10,4329.17,3884.1692,2024-10-01
Pires do Rio,2024,10,9576.02,5127.5864,2024-10-01
Cocalzinho de Goiás,2024,10,5367.0199999999995,3884.1692,2024-10-01
Campo Limpo de Goiás,2024,10,2582.79,31.506392,2024-10-01
Guarinos,2024,10,211.8,-1572.869,2024-10-01
Indiara,2024,10,2650.15,1297.6182,2024-10-01
Castelândia,2024,10,1645.74,-1184.2931,2024-10-01
Três Ranchos,2024,10,2587.25,102.506454,2024-10-01
Aragarças,2024,10,4349.7,1427.9635,2024-10-01
Campo Alegre de Goiás,2024,10,6308.22,-471.53384,2024-10-01
Goianira,2024,10,9100.7,2199.9624,2024-10-01
Goiânia,2024,10,225205.53000000003,178568.62,2024-10-01
Ipameri,2024,10,5777.59,903.4923,2024-10-01
Heitoraí,2024,10,1114.87,-275.01212,2024-10-01
Corumbá de Goiás,2024,10,3844.62,26.282454,2024-10-01
Piranhas,2024,10,3508.75,525.98145,2024-10-01
Corumbaíba,2024,10,1777.94,308.53915,2024-10-01
Trombas,2024,10,653.71,-2070.1907,2024-10-01
Planaltina,2024,10,5905.51,1956.1432,2024-10-01
Gouvelândia,2024,10,1131.2,132.64293,2024-10-01
Castelândia,2024,10,1661.58,-1184.2931,2024-10-01
Aparecida do Rio Doce,2024,10,637.17,-2936.5854,2024-10-01
Cristalina,2024,10,13960.93,3735.2302,2024-10-01
Santa Helena de Goiás,2024,10,8540.210000000001,2290.76,2024-10-01
Hidrolândia,2024,10,8383.17,2708.719,2024-10-01
Campos Verdes,2024,10,752.74,-1288.5596,2024-10-01
Araçu,2024,10,706.03,-570.00635,2024-10-01
Pirenópolis,2024,10,5713.3,-236.38905,2024-10-01
Taquaral de Goiás,2024,10,838.4000000000001,-201.92958,2024-10-01
Arenópolis,2024,10,702.67,-411.8765,2024-10-01
Santo Antônio do Descoberto,2024,10,7256.46,885.2317,2024-10-01
Jussara,2024,10,7294.58,-480.81192,2024-10-01
Vicentinópolis,2024,10,1866.01,-116.46303,2024-10-01
Cachoeira de Goiás,2024,10,138.3,-279.83707,2024-10-01
Nova América,2024,10,341.65,-256.6293,2024-10-01
Amaralina,2024,10,348.26,-79.21474,2024-10-01
Cachoeira Dourada,2024,10,7283.33,-2260.6377,2024-10-01
Joviânia,2024,10,1931.3600000000001,482.87717,2024-10-01
Bonfinópolis,2024,10,1217.26,-347.24307,2024-10-01
Alto Horizonte,2024,10,1885.8899999999999,366.58652,2024-10-01
Cavalcante,2024,10,242.21,-534.97375,2024-10-01
São Miguel do Araguaia,2024,10,7357.6,380.92514,2024-10-01
Nerópolis,2024,10,5228.59,3479.7937,2024-10-01
Bonópolis,2024,10,2079.52,129.34166,2024-10-01
Leopoldo de Bulhões,2024,10,6414.870000000001,62.732407,2024-10-01
Doverlândia,2024,10,1375.4,-128.27846,2024-10-01
Niquelândia,2024,10,8785.45,2990.8757,2024-10-01
Nova Aurora,2024,10,373.01,-313.75772,2024-10-01
Nova Crixás,2024,10,15379.630000000001,-3510.4585,2024-10-01
Bom Jardim de Goiás,2024,10,1961.57,-141.34358,2024-10-01
Jandaia,2024,10,2051.75,481.42502,2024-10-01
Abadiânia,2024,10,3971.71,1260.8486,2024-10-01
Bela Vista de Goiás,2024,10,8267.38,5987.9263,2024-10-01
Vila Boa,2024,10,217.99,-555.16077,2024-10-01
Jaraguá,2024,10,9781.19,3225.9841,2024-10-01
Nova Veneza,2024,10,2104.9,255.8961,2024-10-01
Nova Roma,2024,10,152.81,4.605208,2024-10-01
Santo Antônio de Goiás,2024,10,3315.8,-42.35585,2024-10-01
Jataí,2024,10,26049.22,15829.662,2024-10-01
Nova Iguaçu de Goiás,2024,10,682.69,-1459.9961,2024-10-01
Diorama,2024,10,575.17,-229.95412,2024-10-01
Jaupaci,2024,10,840.47,-477.95462,2024-10-01
Nova Glória,2024,10,1780.63,-2444.9895,2024-10-01
Caiapônia,2024,10,6530.91,1918.2006,2024-10-01
Caturaí,2024,10,666.22,-133.74098,2024-10-01
Flores de Goiás,2024,10,1147.8600000000001,-1682.0739,2024-10-01
São Miguel do Passa Quatro,2024,10,2129.68,-310.69943,2024-10-01
Senador Canedo,2024,10,22576.02,19441.736,2024-10-01
Ivolândia,2024,10,646.94,12.031599,2024-10-01
Luziânia,2024,10,21251.0,12788.426,2024-10-01
Ceres,2024,10,6715.56,1357.8407,2024-10-01
Mimoso de Goiás,2024,10,666.25,-524.9525,2024-10-01
Faina,2024,10,1014.59,-382.90018,2024-10-01
Silvânia,2024,10,12733.16,1521.7327,2024-10-01
Edéia,2024,10,3674.2400000000002,-2150.1113,2024-10-01
Vianópolis,2024,10,6022.2,708.25354,2024-10-01
Alto Paraíso de Goiás,2024,10,892.9,-3425.8142,2024-10-01
Montividiu,2024,10,3976.0,2396.618,2024-10-01
Maurilândia,2024,10,1372.22,-43.139175,2024-10-01
São Francisco de Goiás,2024,10,1046.56,-222.39674,2024-10-01
Montes Claros de Goiás,2024,10,2533.08,776.8263,2024-10-01
Caçu,2024,10,5610.58,864.9938,2024-10-01
Buriti de Goiás,2024,10,1027.95,-598.69635,2024-10-01
Buriti Alegre,2024,10,3413.59,-1302.253,2024-10-01
São Domingos,2024,10,641.67,-2955.9612,2024-10-01
Mineiros,2024,10,26269.24,9597.442,2024-10-01
Estrela do Norte,2024,10,1095.04,-2268.5088,2024-10-01
Minaçu,2024,10,8397.26,239.57848,2024-10-01
Morrinhos,2024,10,13830.72,4434.552,2024-10-01
Britânia,2024,10,3339.56,-110.14955,2024-10-01
São João D'Aliança,2024,10,896.29,-2064.5652,2024-10-01
Firminópolis,2024,10,3500.18,278.11667,2024-10-01
Nazário,2024,10,1953.0,40.898544,2024-10-01
Mutunópolis,2024,10,683.77,-119.476456,2024-10-01
Cachoeira Alta,2024,10,5362.14,302.18393,2024-10-01
Mundo Novo,2024,10,1284.93,64.88182,2024-10-01
Brazabrantes,2024,10,944.42,-572.24414,2024-10-01
Mozarlândia,2024,10,4574.0,1158.6307,2024-10-01
Mara Rosa,2024,10,7785.54,-170.02113,2024-10-01
Fazenda Nova,2024,10,1048.66,-226.96217,2024-10-01
Serranópolis,2024,10,1251.04,917.58264,2024-10-01
Edealina,2024,10,2803.23,1845.6481,2024-10-01
Marzagão,2024,10,526.96,-1530.8185,2024-10-01
Abadia de Goiás,2024,10,5565.15,54.823837,2024-10-01
Alvorada do Norte,2024,10,4442.65,3502.7908,2024-10-01
Mossâmedes,2024,10,2172.65,-463.40707,2024-10-01
Morro Agudo de Goiás,2024,10,398.06,-595.734,2024-10-01
Cabeceiras,2024,10,898.7,-1941.9545,2024-10-01
Varjão,2024,10,907.72,375.228,2024-10-01
Americano do Brasil,2024,10,2416.48,-642.4899,2024-10-01
São Patrício,2024,10,350.73,-304.36014,2024-10-01
Santa Tereza de Goiás,2024,10,554.13,-275.66074,2024-10-01
Aurilândia,2024,10,557.16,-313.98343,2024-10-01
Palmeiras de Goiás,2024,10,10810.23,3546.1223,2024-10-01
Itajá,2024,10,1000.16,-1008.011,2024-10-01
Avelinópolis,2024,10,392.12,-141.54982,2024-10-01
Cromínia,2024,10,1535.2,116.78294,2024-10-01
Itapaci,2024,10,9468.710000000001,245.86351,2024-10-01
Catalão,2024,10,25957.05,13208.082,2024-10-01
Palmelo,2024,10,688.99,-2474.8748,2024-10-01
Campestre de Goiás,2024,10,1042.62,-201.13918,2024-10-01
Amorinópolis,2024,10,798.75,-459.05118,2024-10-01
Itapirapuã,2024,10,1883.68,-1605.3438,2024-10-01
Gameleira de Goiás,2024,10,1697.73,350.1168,2024-10-01
Palestina de Goiás,2024,10,673.3000000000001,40.032578,2024-10-01
Caldazinha,2024,10,900.0699999999999,-456.6818,2024-10-01
Córrego do Ouro,2024,10,795.27,-518.431,2024-10-01
Padre Bernardo,2024,10,10510.19,3276.6318,2024-10-01
Urutaí,2024,10,3939.23,89.14464,2024-10-01
Vila Propício,2024,10,1599.0,260.6279,2024-10-01
Santa Rosa de Goiás,2024,10,873.41,-821.0541,2024-10-01
Palminópolis,2024,10,1415.71,-163.65462,2024-10-01
Petrolina de Goiás,2024,10,1783.3700000000001,68.645615,2024-10-01
Israelândia,2024,10,930.78,-263.52225,2024-10-01
Goiandira,2024,10,959.88,-43.05995,2024-10-01
Campinorte,2024,10,2678.2,-283.6066,2024-10-01
Perolândia,2024,10,1524.5700000000002,2550.6125,2024-10-01
Santa Rita do Araguaia,2024,10,658.77,-1555.341,2024-10-01
Paraúna,2024,10,3525.59,2209.4133,2024-10-01
Itaguaru,2024,10,1111.84,-1752.6082,2024-10-01
Itaberaí,2024,10,18760.85,7108.575,2024-10-01
Paranaiguara,2024,10,1757.78,-125.98891,2024-10-01
Alexânia,2024,10,5802.43,834.40393,2024-10-01
Aruanã,2024,10,4132.19,1490.4095,2024-10-01
Uruaçu,2024,10,13050.74,1758.0536,2024-10-01
Crixás,2024,10,2547.41,846.31506,2024-10-01
Panamá,2024,10,1139.59,-1028.0011,2024-10-01
Terezópolis de Goiás,2024,10,1834.27,3852.522,2024-10-01
Água Fria de Goiás,2024,10,2837.15,214.27538,2024-10-01
Itapuranga,2024,10,5579.28,495.3951,2024-10-01
Goiás,2024,10,7361.18,555.34973,2024-10-01
Formoso,2024,10,1318.84,-1851.5138,2024-10-01
Caldas Novas,2024,10,77107.44,44824.348,2024-10-01
Caldas Novas,2024,10,75925.99,44824.348,2024-10-01
Barro Alto,2024,10,1244.67,-301.5331,2024-10-01
Formosa,2024,10,12432.68,10381.071,2024-10-01
São Simão,2024,10,4888.85,368.3303,2024-10-01
Damolândia,2024,10,711.02,-762.3523,2024-10-01
Itauçu,2024,10,1463.68,-277.08682,2024-10-01
Cezarina,2024,10,7091.41,2996.0925,2024-10-01
Novo Planalto,2024,10,1248.41,-1421.6959,2024-10-01
Orizona,2024,10,9956.59,614.8886,2024-10-01
Novo Gama,2024,10,2140.0,913.3323,2024-10-01
Aloândia,2024,10,618.36,-1349.5062,2024-10-01
Santo Antônio da Barra,2024,10,1385.46,-353.43777,2024-10-01
Ouvidor,2024,10,1345.15,4665.253,2024-10-01
Baliza,2024,10,501.75,-395.48642,2024-10-01
Davinópolis,2024,10,400.45,-2866.672,2024-10-01
Itumbiara,2024,10,37076.24,18370.625,2024-10-01
Ouro Verde de Goiás,2024,10,1501.0800000000002,-507.11472,2024-10-01
Damianópolis,2024,10,356.58,-4750.413,2024-10-01
Santa Terezinha de Goiás,2024,10,1858.35,-3079.1592,2024-10-01
Itarumã,2024,10,8051.549999999999,-3499.6667,2024-10-01
Caçu,2024,11,5641.58,1714.2467,2024-11-01
Uruaçu,2024,11,13393.03,4978.565,2024-11-01
Estrela do Norte,2024,11,1109.02,-605.17865,2024-11-01
Faina,2024,11,1027.57,350.3257,2024-11-01
Goiandira,2024,11,1065.46,944.24786,2024-11-01
Edéia,2024,11,3734.15,390.51004,2024-11-01
Corumbá de Goiás,2024,11,4329.2699999999995,3056.6187,2024-11-01
Chapadão do Céu,2024,11,2569.04,1140.7151,2024-11-01
Vianópolis,2024,11,6083.84,950.9474,2024-11-01
Urutaí,2024,11,4009.23,1573.0157,2024-11-01
Vila Boa,2024,11,231.99,-515.07056,2024-11-01
Crixás,2024,11,2692.41,2695.679,2024-11-01
Abadiânia,2024,11,4090.37,1134.3134,2024-11-01
Cristianópolis,2024,11,1272.45,339.3572,2024-11-01
Goiatuba,2024,11,9503.32,4490.738,2024-11-01
Goianápolis,2024,11,2234.23,876.9286,2024-11-01
Abadia de Goiás,2024,11,5866.72,2864.6123,2024-11-01
Castelândia,2024,11,1763.58,1204.0851,2024-11-01
Vila Propício,2024,11,1612.5,295.82672,2024-11-01
Córrego do Ouro,2024,11,824.61,241.07964,2024-11-01
Corumbaíba,2024,11,1810.94,1023.35095,2024-11-01
Doverlândia,2024,11,1409.46,525.1731,2024-11-01
Ceres,2024,11,6900.46,1507.4609,2024-11-01
Vicentinópolis,2024,11,1896.37,543.5557,2024-11-01
Cezarina,2024,11,7142.51,2021.5814,2024-11-01
Varjão,2024,11,929.72,739.60614,2024-11-01
Gameleira de Goiás,2024,11,1754.23,1128.136,2024-11-01
Firminópolis,2024,11,3581.4,1308.696,2024-11-01
Catalão,2024,11,26577.86,16396.668,2024-11-01
Cidade Ocidental,2024,11,4843.93,5568.9775,2024-11-01
Cromínia,2024,11,1546.2,286.22556,2024-11-01
Flores de Goiás,2024,11,1155.09,797.5751,2024-11-01
Fazenda Nova,2024,11,1123.54,799.74426,2024-11-01
Uruana,2024,11,3200.47,481.90836,2024-11-01
Castelândia,2024,11,1712.58,1204.0851,2024-11-01
Goianésia,2024,11,19096.18,10117.519,2024-11-01
Caturaí,2024,11,729.22,654.40265,2024-11-01
Cristalina,2024,11,14069.23,3110.863,2024-11-01
Formosa,2024,11,12814.27,6185.847,2024-11-01
Água Limpa,2024,11,398.16,241.42165,2024-11-01
Formoso,2024,11,1328.84,-752.1288,2024-11-01
Edealina,2024,11,2828.23,1523.2205,2024-11-01
Diorama,2024,11,611.17,516.1194,2024-11-01
Goianira,2024,11,9459.23,5254.8384,2024-11-01
Davinópolis,2024,11,405.58,-1772.3954,2024-11-01
Rubiataba,2024,11,3783.04,1700.9058,2024-11-01
Montividiu,2024,11,3986.0,1589.0267,2024-11-01
Jussara,2024,11,9891.14,4893.0273,2024-11-01
Paranaiguara,2024,11,1775.66,533.2423,2024-11-01
Cachoeira Dourada,2024,11,7348.24,402.72214,2024-11-01
Aruanã,2024,11,4343.33,4287.4204,2024-11-01
Alto Horizonte,2024,11,2034.8999999999999,1412.6372,2024-11-01
Panamá,2024,11,2157.19,7700.691,2024-11-01
São Miguel do Araguaia,2024,11,7595.48,824.0641,2024-11-01
Leopoldo de Bulhões,2024,11,6479.830000000001,757.4923,2024-11-01
Luziânia,2024,11,21807.9,12188.598,2024-11-01
Cachoeira de Goiás,2024,11,178.3,435.28232,2024-11-01
Palminópolis,2024,11,1434.43,284.78836,2024-11-01
Palmelo,2024,11,693.39,-135.5732,2024-11-01
Palmeiras de Goiás,2024,11,11013.960000000001,3652.3591,2024-11-01
Cachoeira Alta,2024,11,5385.54,1308.6304,2024-11-01
Palestina de Goiás,2024,11,676.3000000000001,367.6945,2024-11-01
São João da Paraúna,2024,11,584.83,351.73767,2024-11-01
Mara Rosa,2024,11,7870.47,1673.8763,2024-11-01
Marzagão,2024,11,539.96,375.7172,2024-11-01
Santa Tereza de Goiás,2024,11,564.13,-337.04276,2024-11-01
Matrinchã,2024,11,6283.4800000000005,5198.082,2024-11-01
Mairipotaba,2024,11,511.8,145.23845,2024-11-01
Cabeceiras,2024,11,1898.7,3750.5605,2024-11-01
Joviânia,2024,11,1957.3600000000001,-104.87239,2024-11-01
Paraúna,2024,11,3586.31,1413.1942,2024-11-01
Piranhas,2024,11,3538.53,784.2165,2024-11-01
Itauçu,2024,11,1504.84,222.47435,2024-11-01
Araçu,2024,11,746.39,357.242,2024-11-01
Caldas Novas,2024,11,79675.8,47212.836,2024-11-01
Caldas Novas,2024,11,78391.62,47212.836,2024-11-01
São Simão,2024,11,5168.37,2130.6333,2024-11-01
Águas Lindas de Goiás,2024,11,6721.69,13495.019,2024-11-01
Itumbiara,2024,11,37737.6,30372.867,2024-11-01
Piracanjuba,2024,11,7273.18,1865.8456,2024-11-01
São Miguel do Passa Quatro,2024,11,2165.68,555.83154,2024-11-01
Santa Isabel,2024,11,749.16,107.414536,2024-11-01
Jaraguá,2024,11,10543.69,4120.374,2024-11-01
São Patrício,2024,11,369.73,283.56207,2024-11-01
Jataí,2024,11,31502.12,-3225.3982,2024-11-01
Nova Crixás,2024,11,15458.03,1216.1852,2024-11-01
Jaupaci,2024,11,846.47,-20.046526,2024-11-01
Petrolina de Goiás,2024,11,1819.6100000000001,537.72375,2024-11-01
Caiapônia,2024,11,6538.33,1616.7736,2024-11-01
Jesúpolis,2024,11,237.46,165.25447,2024-11-01
Santa Rita do Araguaia,2024,11,668.77,635.8623,2024-11-01
Jandaia,2024,11,2094.3,1058.3651,2024-11-01
Amorinópolis,2024,11,811.73,647.0303,2024-11-01
Maurilândia,2024,11,1489.52,1171.2863,2024-11-01
Avelinópolis,2024,11,406.12,260.73422,2024-11-01
Mozarlândia,2024,11,4790.75,3520.0586,2024-11-01
Novo Gama,2024,11,2276.3,1779.7994,2024-11-01
Brazabrantes,2024,11,977.42,310.58502,2024-11-01
Mundo Novo,2024,11,1298.91,663.1152,2024-11-01
Americano do Brasil,2024,11,2486.4,388.80627,2024-11-01
Nazário,2024,11,1984.0,1047.7018,2024-11-01
Senador Canedo,2024,11,23228.41,9710.887,2024-11-01
Novo Brasil,2024,11,1137.46,1248.9652,2024-11-01
Bela Vista de Goiás,2024,11,8402.8,2923.5273,2024-11-01
Serranópolis,2024,11,1287.29,1273.6337,2024-11-01
Bonópolis,2024,11,2083.51,492.27377,2024-11-01
Niquelândia,2024,11,9000.37,4258.361,2024-11-01
Nova Veneza,2024,11,2132.9,495.86008,2024-11-01
Santo Antônio de Goiás,2024,11,3382.04,681.34064,2024-11-01
Bonfinópolis,2024,11,1269.38,901.63666,2024-11-01
Amaralina,2024,11,373.26,555.8419,2024-11-01
Nova América,2024,11,352.21,-581.9109,2024-11-01
Nova Iguaçu de Goiás,2024,11,719.37,278.63306,2024-11-01
Santo Antônio do Descoberto,2024,11,7478.76,2443.8545,2024-11-01
Nova Glória,2024,11,1810.76,346.41885,2024-11-01
Nerópolis,2024,11,5301.45,1339.9481,2024-11-01
Santo Antônio da Barra,2024,11,1485.46,1465.7374,2024-11-01
Alvorada do Norte,2024,11,4519.65,1004.8574,2024-11-01
Novo Planalto,2024,11,1293.49,-759.96875,2024-11-01
Buritinópolis,2024,11,137.46,62.869125,2024-11-01
Alto Paraíso de Goiás,2024,11,898.9,-252.14925,2024-11-01
São Francisco de Goiás,2024,11,1066.56,376.5804,2024-11-01
Minaçu,2024,11,8613.53,1350.393,2024-11-01
Padre Bernardo,2024,11,10694.39,2106.8503,2024-11-01
Buriti de Goiás,2024,11,1158.95,692.85077,2024-11-01
Ouvidor,2024,11,1366.91,915.5676,2024-11-01
Santa Terezinha de Goiás,2024,11,1984.35,671.9165,2024-11-01
Mineiros,2024,11,26715.0,8624.455,2024-11-01
Baliza,2024,11,509.75,318.60785,2024-11-01
Buriti Alegre,2024,11,3441.86,482.4316,2024-11-01
Ouro Verde de Goiás,2024,11,1509.0800000000002,-55.16011,2024-11-01
São Domingos,2024,11,643.92,-1392.9291,2024-11-01
Montes Claros de Goiás,2024,11,2631.77,2291.2112,2024-11-01
Goiás,2024,11,7527.18,1965.4932,2024-11-01
Orizona,2024,11,10058.59,1459.3114,2024-11-01
Barro Alto,2024,11,1264.03,-360.1436,2024-11-01
Silvânia,2024,11,12796.96,1165.6891,2024-11-01
Morrinhos,2024,11,14029.98,3854.6814,2024-11-01
Britânia,2024,11,3381.72,379.5452,2024-11-01
Mossâmedes,2024,11,2193.35,538.1219,2024-11-01
Sítio D'Abadia,2024,11,262.02,1042.3134,2024-11-01
Aloândia,2024,11,3623.36,27196.225,2024-11-01
Bom Jardim de Goiás,2024,11,1997.49,531.5207,2024-11-01
Portelândia,2024,11,2057.32,731.41364,2024-11-01
Guarinos,2024,11,219.8,-82.48253,2024-11-01
Iporá,2024,11,9424.08,2548.304,2024-11-01
Aparecida do Rio Doce,2024,11,647.17,-1138.5302,2024-11-01
Trindade,2024,11,22813.92,14478.539,2024-11-01
Porangatu,2024,11,15184.44,6955.063,2024-11-01
Anápolis,2024,11,68783.79,31540.812,2024-11-01
Guapó,2024,11,6628.5599999999995,1215.053,2024-11-01
Turvânia,2024,11,1175.96,1042.998,2024-11-01
Israelândia,2024,11,943.78,189.57481,2024-11-01
Pontalina,2024,11,7064.44,3091.7644,2024-11-01
Santa Fé de Goiás,2024,11,1835.06,931.17914,2024-11-01
Aporé,2024,11,489.93,568.41846,2024-11-01
Campinorte,2024,11,2762.54,694.56476,2024-11-01
Itaberaí,2024,11,19091.29,5418.658,2024-11-01
Campos Verdes,2024,11,801.74,611.2427,2024-11-01
Ipiranga de Goiás,2024,11,864.53,229.57588,2024-11-01
Alexânia,2024,11,5861.19,990.35455,2024-11-01
Aragarças,2024,11,4478.92,1458.1761,2024-11-01
Santa Cruz de Goiás,2024,11,1324.95,577.6935,2024-11-01
Adelândia,2024,11,630.48,178.07005,2024-11-01
Hidrolândia,2024,11,8538.29,2902.8787,2024-11-01
Campos Belos,2024,11,1777.79,1369.7618,2024-11-01
Iaciara,2024,11,9003.97,-209.3318,2024-11-01
Posse,2024,11,3450.83,127.78935,2024-11-01
Campo Limpo de Goiás,2024,11,2601.4700000000003,243.87596,2024-11-01
Inaciolândia,2024,11,1924.76,351.87912,2024-11-01
Hidrolina,2024,11,635.88,89.029434,2024-11-01
Indiara,2024,11,2680.63,1445.4594,2024-11-01
Santa Bárbara de Goiás,2024,11,1343.13,948.3567,2024-11-01
Heitoraí,2024,11,1134.87,320.11612,2024-11-01
Trombas,2024,11,663.71,-1264.5148,2024-11-01
Ipameri,2024,11,6603.66,3360.9346,2024-11-01
Quirinópolis,2024,11,14337.64,5887.432,2024-11-01
Turvelândia,2024,11,700.28,503.80685,2024-11-01
Rianápolis,2024,11,1874.28,4305.717,2024-11-01
Aragoiânia,2024,11,3990.21,3513.6716,2024-11-01
Três Ranchos,2024,11,2697.45,936.83093,2024-11-01
Rio Quente,2024,11,1723.58,295.50928,2024-11-01
Araguapaz,2024,11,2128.46,716.6477,2024-11-01
Itapirapuã,2024,11,1962.78,975.84326,2024-11-01
Campestre de Goiás,2024,11,1053.12,261.54617,2024-11-01
Rio Verde,2024,11,61104.97,40970.77,2024-11-01
Pirenópolis,2024,11,5829.55,1760.7407,2024-11-01
Itaguari,2024,11,1297.07,689.26575,2024-11-01
Pires do Rio,2024,11,10478.880000000001,27273.535,2024-11-01
Aparecida de Goiânia,2024,11,71352.42,36159.426,2024-11-01
Sanclerlândia,2024,11,3136.66,893.0043,2024-11-01
Taquaral de Goiás,2024,11,860.2,325.35715,2024-11-01
Carmo do Rio Verde,2024,11,1289.82,642.78796,2024-11-01
Uirapuru,2024,11,405.73,-122.5338,2024-11-01
Acreúna,2024,11,5841.8,4114.8936,2024-11-01
Goiânia,2024,11,232661.30000000002,147245.0,2024-11-01
Anicuns,2024,11,2803.87,1573.1433,2024-11-01
Gouvelândia,2024,11,1162.92,501.6745,2024-11-01
Itarumã,2024,11,8055.61,1175.1207,2024-11-01
Santa Helena de Goiás,2024,11,8920.380000000001,5557.103,2024-11-01
Itapaci,2024,11,9537.06,98.70088,2024-11-01
Terezópolis de Goiás,2024,11,1944.27,817.7748,2024-11-01
Itaguaru,2024,11,1135.34,319.30484,2024-11-01
Caldazinha,2024,11,911.0699999999999,169.76195,2024-11-01
Itapuranga,2024,11,5818.71,2365.9663,2024-11-01
Itajá,2024,11,1039.15,435.00122,2024-11-01
Planaltina,2024,11,8118.73,1474.4298,2024-11-01
Santa Bárbara de Goiás,2024,12,1399.35,1393.0808,2024-12-01
Orizona,2024,12,10222.66,2547.8274,2024-12-01
Cezarina,2024,12,7194.41,2566.2244,2024-12-01
Rio Verde,2024,12,67595.02,42800.31,2024-12-01
Damianópolis,2024,12,393.58,-69.37062,2024-12-01
Nova Glória,2024,12,1854.76,1427.4814,2024-12-01
Diorama,2024,12,632.17,1007.82007,2024-12-01
Cocalzinho de Goiás,2024,12,5576.0,2076.6938,2024-12-01
Cocalzinho de Goiás,2024,12,5471.509999999999,2076.6938,2024-12-01
Nova Iguaçu de Goiás,2024,12,753.07,1761.2367,2024-12-01
Novo Planalto,2024,12,3847.55,13722.955,2024-12-01
Rio Quente,2024,12,1743.14,1039.4882,2024-12-01
Bela Vista de Goiás,2024,12,8806.73,5176.4717,2024-12-01
Vila Boa,2024,12,244.99,1453.0641,2024-12-01
Nova Veneza,2024,12,2355.02,2385.8772,2024-12-01
Aparecida de Goiânia,2024,12,74070.4,36363.92,2024-12-01
Anápolis,2024,12,71117.66,35646.688,2024-12-01
Davinópolis,2024,12,413.58,-1723.8024,2024-12-01
Sanclerlândia,2024,12,3193.9,1226.6523,2024-12-01
Americano do Brasil,2024,12,2673.97,1802.0006,2024-12-01
Rianápolis,2024,12,1933.26,620.31177,2024-12-01
Santo Antônio de Goiás,2024,12,3442.49,1185.7839,2024-12-01
Novo Gama,2024,12,2408.33,2343.0867,2024-12-01
Santo Antônio da Barra,2024,12,1535.46,991.35364,2024-12-01
Quirinópolis,2024,12,14912.2,7347.5444,2024-12-01
Damolândia,2024,12,719.72,593.68555,2024-12-01
Barro Alto,2024,12,1287.32,1640.6984,2024-12-01
Novo Brasil,2024,12,1167.46,1264.4558,2024-12-01
Santa Helena de Goiás,2024,12,9414.3,6244.4116,2024-12-01
Baliza,2024,12,522.92,1468.1263,2024-12-01
Aruanã,2024,12,4419.15,3462.5862,2024-12-01
Santa Fé de Goiás,2024,12,1885.18,750.00696,2024-12-01
Santa Rita do Novo Destino,2024,12,514.6,2923.325,2024-12-01
Água Fria de Goiás,2024,12,2863.9,1597.3247,2024-12-01
Aragoiânia,2024,12,4734.31,4584.8325,2024-12-01
Corumbá de Goiás,2024,12,4382.7699999999995,1318.6174,2024-12-01
Paranaiguara,2024,12,1856.16,1558.8219,2024-12-01
Planaltina,2024,12,9402.99,3334.5984,2024-12-01
Santa Rita do Araguaia,2024,12,711.74,965.9546,2024-12-01
Paraúna,2024,12,3732.67,2898.3018,2024-12-01
Anicuns,2024,12,3024.59,2917.3953,2024-12-01
Água Limpa,2024,12,409.16,906.83405,2024-12-01
Arenópolis,2024,12,733.97,1242.3958,2024-12-01
Pilar de Goiás,2024,12,341.95,1344.4722,2024-12-01
Pires do Rio,2024,12,10790.2,13770.243,2024-12-01
Santa Isabel,2024,12,783.16,545.90936,2024-12-01
Chapadão do Céu,2024,12,2679.36,2214.3652,2024-12-01
Cristianópolis,2024,12,1340.45,1028.3915,2024-12-01
Pirenópolis,2024,12,6013.45,3098.3179,2024-12-01
Piracanjuba,2024,12,7584.73,3135.6204,2024-12-01
Araçu,2024,12,757.55,694.24316,2024-12-01
Araguapaz,2024,12,2294.74,2513.24,2024-12-01
Cristalina,2024,12,14215.93,4417.169,2024-12-01
Panamá,2024,12,2169.75,-255.83485,2024-12-01
Ouro Verde de Goiás,2024,12,1560.1200000000001,989.78357,2024-12-01
Palminópolis,2024,12,1489.91,1123.0543,2024-12-01
Crixás,2024,12,2782.45,4168.799,2024-12-01
Córrego do Ouro,2024,12,840.36,742.0027,2024-12-01
Santa Terezinha de Goiás,2024,12,2039.58,568.69324,2024-12-01
Aporé,2024,12,494.93,1148.6759,2024-12-01
Professor Jamil,2024,12,1022.02,1014.4359,2024-12-01
Posse,2024,12,3640.2799999999997,1404.3397,2024-12-01
Ouvidor,2024,12,4441.81,25358.867,2024-12-01
Vila Propício,2024,12,1685.47,859.3159,2024-12-01
Portelândia,2024,12,2071.32,1554.4032,2024-12-01
Padre Bernardo,2024,12,13957.39,-781.67285,2024-12-01
Avelinópolis,2024,12,501.12,1342.8181,2024-12-01
Piranhas,2024,12,3634.27,1937.6742,2024-12-01
Corumbaíba,2024,12,1859.0,730.97864,2024-12-01
Amorinópolis,2024,12,827.57,1260.7788,2024-12-01
Santa Tereza de Goiás,2024,12,577.13,-313.64874,2024-12-01
Cidade Ocidental,2024,12,4990.81,2095.0078,2024-12-01
Porteirão,2024,12,1115.52,1700.539,2024-12-01
Cromínia,2024,12,1559.18,906.3029,2024-12-01
Santa Cruz de Goiás,2024,12,1336.2,634.14026,2024-12-01
Palestina de Goiás,2024,12,679.3000000000001,1779.4517,2024-12-01
Aragarças,2024,12,4648.31,2280.3132,2024-12-01
Palmeiras de Goiás,2024,12,11250.84,5018.237,2024-12-01
Aurilândia,2024,12,576.01,1546.1309,2024-12-01
Porangatu,2024,12,15741.63,8391.343,2024-12-01
Pontalina,2024,12,7442.3,4490.0186,2024-12-01
Petrolina de Goiás,2024,12,1844.6100000000001,1050.7346,2024-12-01
Goiás,2024,12,7813.55,3492.8232,2024-12-01
Nova Crixás,2024,12,15614.470000000001,2804.1663,2024-12-01
Itapirapuã,2024,12,2044.03,993.2775,2024-12-01
Gameleira de Goiás,2024,12,1790.45,1081.8811,2024-12-01
Catalão,2024,12,27222.78,14511.775,2024-12-01
Campestre de Goiás,2024,12,1063.12,863.3695,2024-12-01
Itapaci,2024,12,9617.93,2157.9963,2024-12-01
Campinaçu,2024,12,476.52,-399.2206,2024-12-01
Caldazinha,2024,12,919.0699999999999,1310.5677,2024-12-01
Itaguaru,2024,12,1174.0,348.05356,2024-12-01
Terezópolis de Goiás,2024,12,1955.07,729.72565,2024-12-01
Itaguari,2024,12,1321.07,875.53406,2024-12-01
Alexânia,2024,12,5955.68,1591.202,2024-12-01
Itaberaí,2024,12,19543.61,6777.7954,2024-12-01
Campinorte,2024,12,2907.9700000000003,2742.0613,2024-12-01
Israelândia,2024,12,960.78,793.2561,2024-12-01
Uruaçu,2024,12,14277.82,8505.881,2024-12-01
Iporá,2024,12,9809.9,3823.7625,2024-12-01
Taquaral de Goiás,2024,12,871.2,857.85065,2024-12-01
Itapuranga,2024,12,9170.9,7103.525,2024-12-01
São Patrício,2024,12,409.73,1014.72766,2024-12-01
Jaraguá,2024,12,10969.87,3690.6064,2024-12-01
Jandaia,2024,12,2200.3,1953.5397,2024-12-01
Abadiânia,2024,12,4263.82,2240.4368,2024-12-01
Urutaí,2024,12,4222.83,3329.2766,2024-12-01
Ivolândia,2024,12,664.94,1196.1368,2024-12-01
Formoso,2024,12,1397.54,508.8163,2024-12-01
Itumbiara,2024,12,38608.97,29773.848,2024-12-01
Caldas Novas,2024,12,81900.6,46400.582,2024-12-01
Itauçu,2024,12,1560.4,1085.9634,2024-12-01
Formosa,2024,12,13307.28,8773.326,2024-12-01
Aloândia,2024,12,3629.36,-467.54092,2024-12-01
Caldas Novas,2024,12,84125.4,46400.582,2024-12-01
Itarumã,2024,12,8175.169999999999,2223.7583,2024-12-01
São Simão,2024,12,5373.68,2398.203,2024-12-01
Jataí,2024,12,32315.48,13349.203,2024-12-01
Goiandira,2024,12,1186.86,1649.067,2024-12-01
Ipiranga de Goiás,2024,12,907.51,851.0932,2024-12-01
Turvelândia,2024,12,722.03,1152.046,2024-12-01
Guarinos,2024,12,233.8,1613.2102,2024-12-01
Guaraíta,2024,12,265.58,1026.7916,2024-12-01
Guarani de Goiás,2024,12,102.98,891.9303,2024-12-01
Guapó,2024,12,7758.889999999999,4951.649,2024-12-01
Turvânia,2024,12,1221.96,1456.7057,2024-12-01
Uruana,2024,12,3220.47,992.6045,2024-12-01
Goianésia,2024,12,20865.989999999998,9825.347,2024-12-01
Gouvelândia,2024,12,1176.48,856.8322,2024-12-01
Goiânia,2024,12,239947.36000000002,137637.84,2024-12-01
Uirapuru,2024,12,465.73,1871.613,2024-12-01
Goiatuba,2024,12,9707.82,4279.6924,2024-12-01
Acreúna,2024,12,6168.38,3589.463,2024-12-01
Carmo do Rio Verde,2024,12,1351.57,789.7132,2024-12-01
Campos Verdes,2024,12,821.74,1902.5314,2024-12-01
Trindade,2024,12,23747.81,16760.137,2024-12-01
Heitoraí,2024,12,1145.37,862.27515,2024-12-01
Campos Belos,2024,12,1860.79,1496.5653,2024-12-01
Campo Alegre de Goiás,2024,12,6373.22,2234.6423,2024-12-01
Ipameri,2024,12,6830.75,2783.2727,2024-12-01
Goianira,2024,12,9806.38,5233.0796,2024-12-01
Castelândia,2024,12,1831.58,1628.7479,2024-12-01
Castelândia,2024,12,1797.58,1628.7479,2024-12-01
Trombas,2024,12,681.71,-948.29004,2024-12-01
Hidrolina,2024,12,679.88,1855.2952,2024-12-01
Indiara,2024,12,2764.67,2270.3323,2024-12-01
Campo Limpo de Goiás,2024,12,2651.4700000000003,1008.57385,2024-12-01
Iaciara,2024,12,18177.66,1631.6644,2024-12-01
Hidrolândia,2024,12,9807.06,7672.101,2024-12-01
Goianápolis,2024,12,2249.23,786.4629,2024-12-01
Três Ranchos,2024,12,2701.44,651.18567,2024-12-01
Adelândia,2024,12,650.48,719.0261,2024-12-01
Inaciolândia,2024,12,2130.71,1755.5109,2024-12-01
Bom Jardim de Goiás,2024,12,2097.81,1815.2965,2024-12-01
Jaupaci,2024,12,867.42,902.80725,2024-12-01
Jesúpolis,2024,12,242.46,682.3687,2024-12-01
Serranópolis,2024,12,1328.45,386.27484,2024-12-01
Alvorada do Norte,2024,12,4571.21,1366.6344,2024-12-01
Abadia de Goiás,2024,12,6035.62,2857.7886,2024-12-01
Edealina,2024,12,2955.53,3160.5122,2024-12-01
Mossâmedes,2024,12,2311.69,1557.9841,2024-12-01
Britânia,2024,12,3384.72,1182.1627,2024-12-01
Mozarlândia,2024,12,4914.31,4012.1116,2024-12-01
Morrinhos,2024,12,17365.92,6289.263,2024-12-01
Edéia,2024,12,3757.15,264.8257,2024-12-01
Vianópolis,2024,12,6190.54,2562.1245,2024-12-01
Montividiu,2024,12,4249.67,4172.4688,2024-12-01
Montes Claros de Goiás,2024,12,2713.52,1969.7205,2024-12-01
São Domingos,2024,12,679.92,-244.53835,2024-12-01
Buriti Alegre,2024,12,8512.880000000001,19684.146,2024-12-01
Silvânia,2024,12,13268.21,3151.4207,2024-12-01
Monte Alegre de Goiás,2024,12,292.03,-322.11838,2024-12-01
Brazabrantes,2024,12,1107.17,1536.9882,2024-12-01
Mutunópolis,2024,12,696.41,1067.3044,2024-12-01
Vicentinópolis,2024,12,1954.75,1304.9108,2024-12-01
Nova Aurora,2024,12,2888.51,10829.343,2024-12-01
Santo Antônio do Descoberto,2024,12,8588.81,5356.4243,2024-12-01
Nova América,2024,12,360.21,951.14966,2024-12-01
Amaralina,2024,12,398.26,1255.3672,2024-12-01
Divinópolis de Goiás,2024,12,223.99,-270.51138,2024-12-01
Mundo Novo,2024,12,1314.99,1513.7319,2024-12-01
Bonfinópolis,2024,12,1321.54,1392.6984,2024-12-01
Nerópolis,2024,12,5415.75,2350.7083,2024-12-01
Bonópolis,2024,12,2100.0,1346.5732,2024-12-01
Doverlândia,2024,12,1508.76,1503.9005,2024-12-01
Ceres,2024,12,7190.76,2860.654,2024-12-01
Nazário,2024,12,2018.26,1606.9164,2024-12-01
Senador Canedo,2024,12,24167.13,15818.994,2024-12-01
Niquelândia,2024,12,9269.46,6783.553,2024-12-01
Caiapônia,2024,12,6603.08,2705.0083,2024-12-01
Moiporá,2024,12,470.81,647.8606,2024-12-01
Mineiros,2024,12,27051.23,8029.3228,2024-12-01
Mairipotaba,2024,12,563.8,1063.8951,2024-12-01
Varjão,2024,12,939.72,1141.9315,2024-12-01
Luziânia,2024,12,22724.71,15235.367,2024-12-01
Leopoldo de Bulhões,2024,12,9585.35,10377.815,2024-12-01
São Miguel do Araguaia,2024,12,10300.2,-5333.727,2024-12-01
Firminópolis,2024,12,3672.92,2107.6135,2024-12-01
Alto Horizonte,2024,12,2079.93,1139.9786,2024-12-01
Cavalcante,2024,12,252.21,-140.26686,2024-12-01
Cachoeira Dourada,2024,12,7444.17,825.66077,2024-12-01
Jussara,2024,12,10281.539999999999,4562.0,2024-12-01
Joviânia,2024,12,2030.23,1138.5057,2024-12-01
São Miguel do Passa Quatro,2024,12,2186.43,841.00726,2024-12-01
Flores de Goiás,2024,12,1229.18,1201.5465,2024-12-01
Caturaí,2024,12,737.22,847.9762,2024-12-01
Rubiataba,2024,12,3910.4,1836.1322,2024-12-01
Alto Paraíso de Goiás,2024,12,984.88,803.2057,2024-12-01
Mambaí,2024,12,460.43,2020.142,2024-12-01
São João da Paraúna,2024,12,607.96,1443.8224,2024-12-01
Estrela do Norte,2024,12,4140.54,8291.785,2024-12-01
Caçu,2024,12,5829.08,2001.838,2024-12-01
Buriti de Goiás,2024,12,1232.79,1129.0457,2024-12-01
Minaçu,2024,12,8890.5,3406.076,2024-12-01
São Francisco de Goiás,2024,12,1093.61,1023.83484,2024-12-01
Buritinópolis,2024,12,157.46,1710.0857,2024-12-01
Cachoeira Alta,2024,12,5548.04,2190.5442,2024-12-01
Faina,2024,12,1035.57,593.4348,2024-12-01
São João D'Aliança,2024,12,905.59,1860.5991,2024-12-01
Cabeceiras,2024,12,2901.7,3007.5662,2024-12-01
Matrinchã,2024,12,6496.64,2194.114,2024-12-01
Marzagão,2024,12,549.96,1573.3192,2024-12-01
Mara Rosa,2024,12,8095.25,4934.86,2024-12-01
Fazenda Nova,2024,12,1161.54,1076.3046,2024-12-01
Maurilândia,2024,12,1566.8600000000001,1353.6954,2024-12-01
Águas Lindas de Goiás,2024,12,7168.9,7403.361,2024-12-01
